dag,algo,kind,label,seed,app_timeout_rate,task_timeout_rate,energy,delay_succ,delay_all,E_succ,E_all,UtilityScore_succ,UtilityScore_all,score,runtime_min,inference_time_ms,D_all_src,has_reeval,src_dir,mtime
chain,main3,research,CPGAPPO,1,0.08,0.6873333333333334,0.2098752190916276,1.3849935436686929,1.366494791892745,0.2099822343107757,0.2099822343107757,0.3503933973850853,0.3518077906170658,8.701612703153264,46.78,6.334002617404069,result.json,False,main_comparison_20260824_203442,2026-08-24 21:21
chain,main3,research,CPGAPPO,3,0.1466666666666666,0.7393333333333333,0.2313019892802965,1.565145332999731,1.5080683997664786,0.2315022312333207,0.2315022312333207,-0.0939995878767284,-0.0890636616528857,76.53240502467087,45.63,6.275087545674806,result.json,False,main_comparison_20260824_203442,2026-08-24 22:07
chain,main3,research,CPGAPPO,5,0.1333333333333333,0.7413333333333333,0.2033642838905204,1.5085317923319828,1.4713037382745473,0.2032122919837442,0.2032122919837442,-0.0018630137897795,0.0013836157931795,57.28848600685893,47.68,6.627181447332378,result.json,False,main_comparison_20260821_155715,2026-08-21 16:45
chain,main3,research,CPGAPPO,7,0.0066666666666666,0.6176666666666667,0.1974985376768303,1.2171335860729176,1.210953128149029,0.1974565282088821,0.1974565282088821,0.6554573154672673,0.6557646356206108,1.2959657726037204,57.31,7.775330622972798,result.json,False,main_comparison_20260821_155715,2026-08-21 17:43
chain,main3,research,CPGAPPO,42,0.0,0.6566666666666666,0.1977380049103592,1.2263869338821174,1.2255684414303558,0.1975242405603106,0.1975242405603106,0.6631721014532185,0.66321208692084,1.3749687472413183,47.18,6.307811117043905,result.json,False,main_comparison_20260824_203442,2026-08-24 22:55
chain,alloff,ablation,alloff,1,0.1266666666666666,0.695,0.2105530204451071,1.384742297965264,1.358330607732674,0.2099016396209338,0.2099016396209338,0.016880975710634,0.0191835708077323,48.615409234784586,45.49,6.311745685786395,result.json,False,main_comparison_20260824_203442,2026-08-25 12:52
chain,alloff,ablation,alloff,3,0.18,0.7416666666666667,0.2320177461372665,1.58883537517665,1.5120391117820786,0.2320916833671142,0.2320916833671142,-0.2675274690770899,-0.2612983884376327,137.04859052298127,44.31,6.302034851650678,result.json,False,main_comparison_20260824_203442,2026-08-25 13:37
chain,alloff,ablation,alloff,5,0.16,0.734,0.2045480850998883,1.5119803303345427,1.4619723733764345,0.2040042280063775,0.2040042280063775,-0.2180994658513153,-0.2139418274631797,98.57218015226202,29.6,4.058158842113472,result.json,False,ablation_classic_chain_20260819_022418,2026-08-19 07:45
chain,alloff,ablation,alloff,7,0.0466666666666666,0.642,0.2010145307644027,1.2515846508691213,1.2337944927648266,0.1994593039641633,0.1994593039641633,0.5003565421316879,0.5015186861389139,1.34775062341687,32.07,4.229680471938008,result_reeval.json,True,ablation_classic_chain_20260608_114124,2026-06-09 22:22
chain,alloff,ablation,alloff,9,0.08,0.7043333333333334,0.1885540606325667,1.3144322861429565,1.2916193356010366,0.188172833119589,0.188172833119589,0.1923866526866146,0.1943017819668383,8.721130401363489,99.75,14.169867355883625,result.json,False,ablation_classic_chain_20260819_085455,2026-08-19 21:26
chain,alloff,ablation,alloff,11,0.1333333333333333,0.7423333333333333,0.2113907281876613,1.479698624146471,1.4287042876846512,0.2113004273167502,0.2113004273167502,-0.0876010554709191,-0.083186311602019,57.281246491095615,101.95,14.856094957137024,result.json,False,ablation_classic_chain_20260819_085504,2026-08-19 21:19
chain,alloff,ablation,alloff,42,0.0666666666666666,0.6783333333333333,0.204211165667816,1.2428591309845778,1.2269732178861197,0.2066664679636253,0.2066664679636253,0.4678316873033282,0.468913167565446,3.664685182708985,45.82,6.303242932392242,result.json,False,main_comparison_20260824_203442,2026-08-25 14:23
chain,fwdonly,ablation,fwdonly,1,0.06,0.6956666666666667,0.209821979674773,1.399786195977938,1.381292772728723,0.2097780513221678,0.2097780513221678,0.4849277394194927,0.4861603154044071,2.2889245641928304,47.04,6.3840320397083214,result.json,False,main_comparison_20260824_203442,2026-08-25 10:33
chain,fwdonly,ablation,fwdonly,3,0.14,0.7536666666666667,0.2389556999035984,1.5875806308437252,1.5263322493785272,0.2362700436327798,0.2362700436327798,-0.0544815637872567,-0.0491544902509274,66.59343954933678,45.58,6.295510149172874,result.json,False,main_comparison_20260824_203442,2026-08-25 11:19
chain,fwdonly,ablation,fwdonly,5,0.0933333333333333,0.737,0.2055303718677058,1.4935381554636786,1.4767987437826382,0.2055724024499211,0.2055724024499211,0.2568191048064779,0.2581821404492012,16.668201488209725,37.38,5.058507099227705,result.json,False,ablation_classic_chain_20260819_022418,2026-08-19 07:15
chain,fwdonly,ablation,fwdonly,7,0.0333333333333333,0.6183333333333333,0.1967493167141826,1.2194131045049166,1.2085933894778569,0.1967687413416902,0.1967687413416902,0.5843352779124406,0.5849563319301826,1.2967595447075624,32.74,4.1999594973013545,result_reeval.json,True,ablation_classic_chain_20260608_114124,2026-06-09 19:45
chain,fwdonly,ablation,fwdonly,9,0.0666666666666666,0.6953333333333334,0.1838416696143427,1.2980873621110471,1.2792345490014272,0.1838598239258063,0.1838598239258063,0.3924456235629244,0.3938356461250081,3.7057723401316207,95.63,13.381587928510386,result.json,False,ablation_classic_chain_20260819_085455,2026-08-19 19:46
chain,fwdonly,ablation,fwdonly,11,0.08,0.734,0.2107600924856274,1.4795701405187305,1.4385141818920262,0.2107489529535191,0.2107489529535191,0.3735656272647412,0.3766423024786905,8.813137781831191,91.78,13.102883749486752,result.json,False,ablation_classic_chain_20260819_085504,2026-08-19 19:36
chain,fwdonly,ablation,fwdonly,15,0.0933333333333333,0.7813333333333333,0.2045561717093224,1.4726673662452272,1.4293872403210857,0.2045561717093224,0.2045561717093224,0.2520212991682575,0.2555526209666837,16.75259963505059,156.85,22.492106217687244,result.json,False,ablation_classic_chain_20260819_224110,2026-08-20 17:12
chain,fwdonly,ablation,fwdonly,19,0.08,0.6736666666666666,0.1829703551505347,1.3109255780871216,1.2900750048627527,0.1833185583342167,0.1833185583342167,0.4291573957831009,0.4306397022286017,8.660818470807051,157.24,22.39347995822874,result.json,False,ablation_classic_chain_20260819_224120,2026-08-20 17:10
chain,fwdonly,ablation,fwdonly,42,0.0466666666666666,0.6596666666666666,0.1975085536479012,1.2306689129627335,1.2160064810862117,0.1971300054105471,0.1971300054105471,0.4694416879413537,0.4704379955439425,1.3814199144226025,47.25,6.340341386722032,result.json,False,main_comparison_20260824_203442,2026-08-25 12:06
chain,noappcredit,ablation,noappcredit,1,0.1,0.6743333333333333,0.2087845347918452,1.3755352357175068,1.3542877187644389,0.2087411808257449,0.2087411808257449,0.1500138081541269,0.1518245841132707,21.503494979551192,54.03,7.414082563893258,result.json,False,main_comparison_20260824_203442,2026-08-25 05:14
chain,noappcredit,ablation,noappcredit,3,0.14,0.7423333333333333,0.2308042088638837,1.55937955872611,1.50190729699193,0.229965766752632,0.229965766752632,-0.0940958992508598,-0.0891258585169539,66.56417000794711,53.25,7.40607919918786,result.json,False,main_comparison_20260824_203442,2026-08-25 06:07
chain,noappcredit,ablation,noappcredit,5,0.1533333333333333,0.734,0.2026739161100636,1.5160081598345716,1.457846038277583,0.2020616049807012,0.2020616049807012,-0.2182911480251974,-0.2134552562434712,87.17751398592904,56.76,7.942860934580932,result.json,False,ablation_classic_chain_20260819_022418,2026-08-19 05:41
chain,noappcredit,ablation,noappcredit,7,0.0266666666666666,0.6116666666666667,0.1971922972238831,1.2212322847343473,1.209592153390704,0.1970044875612732,0.1970044875612732,0.6061341449175761,0.6067759210336914,1.2833701628938603,55.68,7.544257026676495,result_reeval.json,True,ablation_classic_chain_20260608_114124,2026-06-09 13:37
chain,noappcredit,ablation,noappcredit,9,0.0466666666666666,0.696,0.1839391323864762,1.2909553283276098,1.2763740222616309,0.1835906613470541,0.1835906613470541,0.4617997113598051,0.4627995636454439,1.46087215925672,110.73,15.550117033814692,result.json,False,ablation_classic_chain_20260819_085455,2026-08-19 16:21
chain,noappcredit,ablation,noappcredit,11,0.12,0.7386666666666667,0.2078608668114984,1.4685363719824982,1.416820976040032,0.2077196290840383,0.2077196290840383,0.0017249550488637,0.0062349395641401,40.89156338037535,109.91,15.63665389061762,result.json,False,ablation_classic_chain_20260819_085504,2026-08-19 16:18
chain,noappcredit,ablation,noappcredit,15,0.0866666666666666,0.7216666666666667,0.206562420650923,1.397646480414107,1.374305400345089,0.2062565695665974,0.2062565695665974,0.2665651327818767,0.2684550233313497,12.340777399356291,228.11,32.84466414343469,result.json,False,ablation_classic_chain_20260819_224110,2026-08-20 11:20
chain,noappcredit,ablation,noappcredit,19,0.0666666666666666,0.679,0.18279608292701,1.2994937570070688,1.2813578811195072,0.182500655950139,0.182500655950139,0.3586611212881749,0.3600385001427706,3.6741589618648702,229.92,32.84840990622459,result.json,False,ablation_classic_chain_20260819_224120,2026-08-20 11:16
chain,noappcredit,ablation,noappcredit,42,0.0266666666666666,0.6523333333333333,0.1970911319476723,1.2252897427951122,1.211796033467568,0.1965878687222437,0.1965878687222437,0.5564113999819366,0.5572233222846622,1.365469477569262,54.6,7.407580158792214,result.json,False,main_comparison_20260824_203442,2026-08-25 07:02
chain,nocp,ablation,nocp,1,0.0933333333333333,0.668,0.2092018265989394,1.3796262933880443,1.3575085088426748,0.2092003308165383,0.2092003308165383,0.2345552718093176,0.2363772024048903,16.50587081176455,53.97,7.423117569923989,result.json,False,main_comparison_20260824_203442,2026-08-25 07:57
chain,nocp,ablation,nocp,3,0.1733333333333333,0.7486666666666667,0.2290097188382315,1.5871340556670788,1.512156037111386,0.2290097188382315,0.2290097188382315,-0.2670647054048591,-0.2609817579919256,123.54382664776216,53.27,7.416895175978836,result.json,False,main_comparison_20260824_203442,2026-08-25 08:50
chain,nocp,ablation,nocp,5,0.1466666666666666,0.7283333333333334,0.2039572258144776,1.5108157432054616,1.4620540017746,0.2038678638741136,0.2038678638741136,-0.1315858157600884,-0.127404654789787,76.48886948358215,56.07,7.863064774894517,result.json,False,ablation_classic_chain_20260819_022418,2026-08-19 06:37
chain,nocp,ablation,nocp,7,0.02,0.616,0.1970377846704193,1.2303300770140255,1.21809926982605,0.1970377846704193,0.1970377846704193,0.6245686835372692,0.6252188089081249,1.2936662880248868,39.24,5.182187283416587,result_reeval.json,True,ablation_classic_chain_20260608_114124,2026-06-09 17:04
chain,nocp,ablation,nocp,9,0.0733333333333333,0.6933333333333334,0.184309917742657,1.3033814683588372,1.2866855196662077,0.1841537890770938,0.1841537890770938,0.3553113270152451,0.3565828906270499,5.844719288278916,107.09,15.06722638163482,result.json,False,ablation_classic_chain_20260819_085455,2026-08-19 18:09
chain,nocp,ablation,nocp,11,0.1466666666666666,0.7353333333333333,0.2082534882708752,1.470399090855192,1.4209779575337165,0.2077498364654373,0.2077498364654373,-0.0411929211990228,-0.0368895146814148,76.4893903898729,105.16,14.961024547827082,result.json,False,ablation_classic_chain_20260819_085504,2026-08-19 18:04
chain,nocp,ablation,nocp,15,0.1,0.7276666666666667,0.2052527579173333,1.4105540571616082,1.3785172998247743,0.2052527579173333,0.2052527579173333,0.22370921575213,0.2263616311285563,21.620578462905733,191.84,27.549628805052137,result.json,False,ablation_classic_chain_20260819_224110,2026-08-20 14:34
chain,nocp,ablation,nocp,19,0.0733333333333333,0.672,0.1823606014280029,1.313450453542103,1.2947030657837175,0.1821693375022771,0.1821693375022771,0.3944404655232675,0.3958201507996904,5.805035969232456,193.73,27.65430129014808,result.json,False,ablation_classic_chain_20260819_224120,2026-08-20 14:31
chain,nocp,ablation,nocp,42,0.0466666666666666,0.6586666666666666,0.1963176984145722,1.24126973280431,1.2251342946385175,0.1967117755071947,0.1967117755071947,0.5287786796002937,0.5297916338021126,1.3802461219614233,54.56,7.410330012939729,result.json,False,main_comparison_20260824_203442,2026-08-25 09:45
chain,noguidece,ablation,noguidece,1,0.1266666666666666,0.68,0.208203186226102,1.3770464259860298,1.3547159027625295,0.208063006483352,0.208063006483352,0.0177518660594425,0.0196986119583676,48.58083504360391,53.74,7.420718889810956,result.json,False,main_comparison_20260824_203442,2026-08-24 23:49
chain,noguidece,ablation,noguidece,3,0.1666666666666666,0.7473333333333333,0.2288946037963497,1.5780809900504966,1.5054950732343375,0.2288946037963497,0.2288946037963497,-0.224817551257396,-0.2187988442707094,110.72389702456708,52.8,7.416046173811747,result.json,False,main_comparison_20260824_203442,2026-08-25 00:42
chain,noguidece,ablation,noguidece,5,0.1333333333333333,0.7406666666666667,0.2034339816342087,1.5097442356181148,1.4659457727866176,0.2032953854415607,0.2032953854415607,-0.0454162426561855,-0.0416038449704555,57.28925821010976,90.76,13.098228002664362,result.json,False,main_comparison_20260821_155715,2026-08-21 19:14
chain,noguidece,ablation,noguidece,7,0.04,0.6296666666666667,0.1962744334119776,1.233737358418409,1.2203306263520768,0.1962744334119776,0.1962744334119776,0.5586259083907849,0.559429713402023,1.3213958168703577,75.86,10.490378931506292,result.json,False,main_comparison_20260821_155715,2026-08-21 20:30
chain,noguidece,ablation,noguidece,9,0.0733333333333333,0.6926666666666667,0.1835227646958636,1.3013602483352744,1.2812364802350031,0.1835227646958636,0.1835227646958636,0.3924579527935984,0.3939416014954606,5.843446450620464,111.01,15.740821842001708,result.json,False,ablation_classic_chain_20260819_085455,2026-08-19 12:38
chain,noguidece,ablation,noguidece,11,0.12,0.7393333333333333,0.2090868678575965,1.4717737506231123,1.422462017156849,0.2095265738749886,0.2095265738749886,-0.0426602202373221,-0.0383668435287882,40.89179690480111,109.97,15.720907732061423,result.json,False,ablation_classic_chain_20260819_085504,2026-08-19 12:36
chain,noguidece,ablation,noguidece,15,0.1133333333333333,0.73,0.2052162520129869,1.4090456048246456,1.376436483859716,0.2052162520129869,0.2052162520129869,0.1390749392950269,0.1418626432385311,33.7357691258193,162.03,23.345291240903784,result.json,False,ablation_classic_chain_20260819_224110,2026-08-20 04:19
chain,noguidece,ablation,noguidece,19,0.1,0.6893333333333334,0.1813215208867502,1.3316715797350274,1.3025486041756564,0.1813215208867502,0.1813215208867502,0.2356720243086133,0.2380693151260861,21.525567034046844,160.19,23.23726834165792,result.json,False,ablation_classic_chain_20260819_224120,2026-08-20 04:18
chain,noguidece,ablation,noguidece,42,0.0466666666666666,0.668,0.1964876045275803,1.244404762395554,1.228668254406695,0.1964876045275803,0.1964876045275803,0.5273916638388781,0.5283816029467863,1.3993028793483204,54.36,7.386325492186946,result.json,False,main_comparison_20260824_203442,2026-08-25 01:37
chain,noshield,ablation,noshield,1,0.1266666666666666,0.6936666666666667,0.2097269525650936,1.3899471566011763,1.3659591344382422,0.2094954116851727,0.2094954116851727,0.0156773828165452,0.0177687756845359,48.61302572396546,53.6,7.393573527411109,result.json,False,main_comparison_20260824_203442,2026-08-25 02:31
chain,noshield,ablation,noshield,3,0.1666666666666666,0.7536666666666667,0.2334457381183098,1.591206236889271,1.5175961163469192,0.2332500461790158,0.2332500461790158,-0.2260464014394779,-0.2199461622937802,110.74320487295132,52.83,7.41326624919592,result.json,False,main_comparison_20260824_203442,2026-08-25 03:24
chain,noshield,ablation,noshield,5,0.14,0.755,0.2064407138618091,1.5020075941892883,1.4732856197000743,0.2064130353918569,0.2064130353918569,-0.0472875059431443,-0.0447879928105941,66.57184687417245,56.57,7.991959635248513,result.json,False,main_comparison_20260821_155715,2026-08-21 21:27
chain,noshield,ablation,noshield,7,0.0266666666666666,0.6316666666666667,0.1992155611802393,1.2324874954709035,1.218188996014395,0.198836836856724,0.198836836856724,0.58256084986212,0.5833840231615657,1.3259591091028822,58.66,8.050335889328485,result.json,False,main_comparison_20260821_155715,2026-08-21 22:27
chain,noshield,ablation,noshield,9,0.08,0.7156666666666667,0.1856672535439827,1.3227096811189825,1.299112261221532,0.1856565717989561,0.1856565717989561,0.3512543004694811,0.3530570047261415,8.747361366786627,110.94,15.726320287416817,result.json,False,ablation_classic_chain_20260819_085455,2026-08-19 14:30
chain,noshield,ablation,noshield,11,0.14,0.77,0.2065152517727558,1.5093585224678705,1.454970590708487,0.2068619917171889,0.2068619917171889,-0.0063850277319163,-0.0016419794442271,66.601667149234,109.85,15.697015790766953,result.json,False,ablation_classic_chain_20260819_085504,2026-08-19 14:27
chain,noshield,ablation,noshield,15,0.1133333333333333,0.7383333333333333,0.2070918694983904,1.415962939883528,1.3833036852401557,0.2070918694983904,0.2070918694983904,0.1372570622475125,0.1400504949631064,33.754258966067376,189.93,27.428844990108846,result.json,False,ablation_classic_chain_20260819_224110,2026-08-20 07:31
chain,noshield,ablation,noshield,19,0.1066666666666666,0.698,0.1836645567411359,1.3448103729160663,1.3136727824022698,0.1831268815672534,0.1831268815672534,0.2339279621442768,0.2364932161605064,27.24576469935517,184.85,27.11318250780118,result.json,False,ablation_classic_chain_20260819_224120,2026-08-20 07:24
chain,noshield,ablation,noshield,42,0.06,0.6783333333333333,0.1980589787727934,1.2519314903788092,1.235379254802544,0.1980589787727934,0.1980589787727934,0.4657660144402895,0.4668956111933345,2.233680362998584,54.43,7.416805156826091,result.json,False,main_comparison_20260824_203442,2026-08-25 04:19
chain,DGMA_adapt,ext_rl,DGMA_adapt,1,0.14,0.7,0.2104714042961406,1.3985645554246826,1.3718803532312525,0.2104714042961406,0.2104714042961406,-0.0300925162668586,-0.0277673543170876,3382.5371981134767,231.89,0.0,result.json,False,main_comparison_20260824_203442,2026-08-28 13:54
chain,DGMA_adapt,ext_rl,DGMA_adapt,3,0.2,0.7576666666666667,0.2290914886433908,1.5986976181934294,1.5161404280076634,0.229355271037034,0.229355271037034,-0.4236513900176066,-0.4177258791552647,7223.585467490358,197.65,0.0,result.json,False,main_comparison_20260824_203442,2026-08-28 13:54
chain,DGMA_adapt,ext_rl,DGMA_adapt,5,0.1733333333333333,0.742,0.2053305399944333,1.5150730160576271,1.461787851989695,0.2053305399944333,0.2053305399944333,-0.2602867953417417,-0.2559494464005824,5338.682338378608,409.65,0.0,result.json,False,main_comparison_20260822_004654,2026-08-28 19:01
chain,DGMA_adapt,ext_rl,DGMA_adapt,7,0.0533333333333333,0.646,0.1989869814619677,1.2522215260069287,1.2357105123659593,0.1989869814619677,0.1989869814619677,0.500464826702785,0.5015433146343117,377.1900185174195,458.12,0.0,result.json,False,main_comparison_20260822_004654,2026-08-28 19:01
chain,DGMA_adapt,ext_rl,DGMA_adapt,42,0.0666666666666666,0.6793333333333333,0.1988786487180215,1.2530995523872357,1.2364356001325976,0.1988786487180215,0.1988786487180215,0.4325313096211892,0.4337119391602216,644.0096482318232,110.5,0.0,result.json,False,main_comparison_20260824_203442,2026-08-28 13:55
chain,DGMA_paper,ext_rl,DGMA_paper,1,1.0,0.9113333333333332,61.63349854618178,1.4797075910371302,1.5232752388425093,0.3013350469758592,0.3013350469758592,-0.5858507056606097,-0.5883405857113085,-0.7611155907652188,647.25,0.0,result.json,False,main_comparison_20260824_203442,2026-08-28 13:55
chain,DGMA_paper,ext_rl,DGMA_paper,3,1.0,0.932,62.22828507809936,1.5606461186047125,1.5968990715193905,0.3677588057552993,0.3677588057552993,-0.7186565798612178,-0.7201818437263573,-0.7630565087955781,296.52,0.0,result.json,False,main_comparison_20260824_203442,2026-08-28 13:55
chain,DGMA_paper,ext_rl,DGMA_paper,5,1.0,0.9663333333333334,62.38580343379704,1.6174039390549684,1.6153551393532637,0.3582501181063653,0.3582501181063653,-0.7351568336798431,-0.735074714072123,-0.7653673203281511,589.42,0.0,result.json,False,main_comparison_20260822_004654,2026-08-28 19:03
chain,DGMA_paper,ext_rl,DGMA_paper,7,1.0,0.8643333333333333,61.79831272138394,1.2981638398925186,1.5402327679785048,0.3741155672163297,0.3741155672163297,-0.7148508937473478,-0.72501880439008,-0.7583138836085312,510.42,0.0,result.json,False,main_comparison_20260822_004654,2026-08-28 19:03
chain,DGMA_paper,ext_rl,DGMA_paper,42,1.0,0.8796666666666667,58.06194543074782,1.3071024180313016,1.4992167092891833,0.3220745418575614,0.3220745418575614,-0.6613585416531795,-0.6706803475619812,-0.7551901664116678,196.32,0.0,result.json,False,main_comparison_20260824_203442,2026-08-28 13:55
chain,GATDQN,ext_rl,GATDQN,1,0.1266666666666666,0.7756666666666666,0.2252293411043277,1.4054466992125845,1.480802503643038,0.2730941906584032,0.2730941906584032,-0.5790760594638027,-0.5834274732869009,2724.8376490944856,47.29,0.0,result.json,False,main_comparison_20260824_203442,2026-08-28 13:56
chain,GATDQN,ext_rl,GATDQN,3,0.2133333333333333,0.762,0.2402581154807402,1.5829244754863416,1.5396037482334453,0.2754784813035419,0.2754784813035419,-0.5149179312068405,-0.5121362555929879,8272.078305044466,54.58,0.0,result.json,False,main_comparison_20260824_203442,2026-08-28 13:56
chain,GATDQN,ext_rl,GATDQN,5,0.18,0.742,0.2273926117121664,1.5175454253854466,1.4842127084159225,0.209890610968768,0.209890610968768,-0.4756502642167524,-0.4733979047638413,5782.939223380639,53.45,0.0,result.json,False,main_comparison_20260822_004654,2026-08-28 19:06
chain,GATDQN,ext_rl,GATDQN,7,0.2,0.7823333333333333,0.2120532860162453,1.3004777554460163,1.2773410179806008,0.1917913605799386,0.1917913605799386,0.3572785178473402,0.3590374260139383,7223.293243174382,53.67,0.0,result.json,False,main_comparison_20260822_004654,2026-08-28 19:07
chain,GATDQN,ext_rl,GATDQN,42,0.3266666666666666,0.7893333333333333,0.2493903185466159,1.3086138583720166,1.3389392714759076,0.2260580292771584,0.2260580292771584,-0.0241523692260193,-0.0267953096398259,20059.46290611413,57.44,0.0,result.json,False,main_comparison_20260824_203442,2026-08-28 13:57
chain,PPO,ext_rl,PPO,1,0.1266666666666666,0.6646666666666666,0.3289939060797539,1.3275787889904842,1.555529798165082,0.1896231676594846,0.1896231676594846,-0.6552139334608279,-0.6664117001431601,-1.0,16.1,0.0,result.json,False,main_comparison_20260824_203442,2026-08-28 13:54
chain,PPO,ext_rl,PPO,3,0.5533333333333333,0.747,0.3552383170332577,0.6380136064409607,1.5988671202146998,0.3701890627842573,0.3701890627842573,-0.7432010290664907,-0.7762964234695819,-1.0,14.03,0.0,result.json,False,main_comparison_20260824_203442,2026-08-28 13:54
chain,PPO,ext_rl,PPO,5,0.7533333333333333,0.8023333333333333,0.3193923774746959,1.3482287445249082,1.4685852224814582,0.1928483523689143,0.1928483523689143,-0.5594151760595798,-0.5665842838820195,-1.0,14.6,0.0,result.json,False,main_comparison_20260822_004654,2026-08-28 19:08
chain,PPO,ext_rl,PPO,7,0.06,0.5753333333333334,0.3186079824580199,1.1485893718576006,1.277564702008887,0.2214990343599737,0.2214990343599737,-0.4439752341560065,-0.4529607238367971,-1.0,18.46,0.0,result.json,False,main_comparison_20260822_004654,2026-08-28 19:08
chain,PPO,ext_rl,PPO,42,0.0333333333333333,0.6163333333333333,0.3154453723505669,1.025176088984059,1.4357481309889772,0.2142563528182809,0.2142563528182809,-0.6386013739253251,-0.659322437493021,-1.0,15.67,0.0,result.json,False,main_comparison_20260824_203442,2026-08-28 13:54
chain,TransEdgeStyle,ext_rl,TransEdgeStyle,1,0.1666666666666666,0.76,0.2239880191046056,1.397096907774577,1.374213003856848,0.2096048508157501,0.2096048508157501,-0.1165537959354934,-0.114584762261702,4911.959340613601,25.14,0.0,result.json,False,main_comparison_20260824_203442,2026-08-28 13:57
chain,TransEdgeStyle,ext_rl,TransEdgeStyle,3,0.1866666666666666,0.7823333333333333,0.2171872340158577,1.5829109518863504,1.514252050490296,0.2281049025397426,0.2281049025397426,-0.4856853018730498,-0.4810967563284543,6245.645935693948,25.1,0.0,result.json,False,main_comparison_20260824_203442,2026-08-28 13:57
chain,TransEdgeStyle,ext_rl,TransEdgeStyle,5,0.2066666666666666,0.7946666666666666,0.2158481154701891,1.5283161119010171,1.4812654931560594,0.2009154508683061,0.2009154508683061,-0.2627601326764395,-0.2589360798607698,7739.381108258482,21.88,0.0,result.json,False,main_comparison_20260822_004654,2026-08-28 19:04
chain,TransEdgeStyle,ext_rl,TransEdgeStyle,7,0.18,0.7443333333333333,0.2198891752383844,1.2658831827991484,1.2474281978525663,0.198520951330425,0.198520951330425,0.4677473897624736,0.4690037622840594,5783.107038700865,22.93,0.0,result.json,False,main_comparison_20260822_004654,2026-08-28 19:05
chain,TransEdgeStyle,ext_rl,TransEdgeStyle,42,0.14,0.7543333333333333,0.2229412792624416,1.2685697140295835,1.247903287398776,0.1976708779906542,0.1976708779906542,0.2815541619007595,0.2832127494699529,3382.769102334416,25.37,0.0,result.json,False,main_comparison_20260824_203442,2026-08-28 13:58
chain,Edge-only,heuristic,Edge-only,1,0.4666666666666667,0.7543333333333333,0.2834930125119482,1.590133548860593,1.528678348664881,0.2790622389868052,0.2790622389868052,-0.4808796683619379,-0.4767489477303748,-0.5664879394335202,,,result.json,False,main_comparison_20260824_203442,2026-08-28 14:02
chain,Edge-only,heuristic,Edge-only,3,0.9666666666666668,0.8043333333333333,0.2318553224184348,1.1,1.6282666666666676,0.2388038164203335,0.2388038164203335,-0.7190058219730535,-0.7405307050161881,-0.733676867083015,,,result.json,False,main_comparison_20260824_203442,2026-08-28 14:02
chain,Edge-only,heuristic,Edge-only,5,1.0,0.8516666666666667,0.189473456928011,1.1,1.6304666666666678,0.1891374730826963,0.1891374730826963,-0.7453160212923643,-0.7651804173398464,-0.7454493426869145,,,result.json,False,main_comparison_20260822_004654,2026-08-28 19:09
chain,Edge-only,heuristic,Edge-only,7,0.22,0.7386666666666667,0.3008490152053097,1.3835080386793028,1.3552204073711205,0.2751324982450806,0.2751324982450806,0.4911893659287537,0.493058849101481,-0.4685703379762528,,,result.json,False,main_comparison_20260822_004654,2026-08-28 19:09
chain,Edge-only,heuristic,Edge-only,42,0.2666666666666666,0.7333333333333333,0.2985469190707401,1.4170991088425284,1.384627876507042,0.2697195896226498,0.2697195896226498,0.5416888348865392,0.5436866344448272,-0.4850841474699784,,,result.json,False,main_comparison_20260824_203442,2026-08-28 14:02
chain,Genetic,heuristic,Genetic,1,0.2133333333333333,0.717,0.2857491900981767,1.369054079559396,1.4199504679641195,0.2626917705465934,0.2626917705465934,-0.4712669394119922,-0.474712559365022,-0.4579876171523015,,,result.json,False,main_comparison_20260824_203442,2026-08-28 13:54
chain,Genetic,heuristic,Genetic,3,0.46,0.775,0.2615187395448971,1.6129237939989278,1.5831325036930408,0.2685628201624338,0.2685628201624338,-0.598152501333253,-0.5964813873466075,-0.5675053222290847,,,result.json,False,main_comparison_20260824_203442,2026-08-28 13:54
chain,Genetic,heuristic,Genetic,5,0.5666666666666667,0.8063333333333333,0.2494864298274597,1.676574465414483,1.6038865241105296,0.2373570771427458,0.2373570771427458,-0.5854837790714346,-0.5813022268682665,-0.6083697958595828,,,result.json,False,main_comparison_20260822_004654,2026-08-28 19:09
chain,Genetic,heuristic,Genetic,7,0.1866666666666666,0.7166666666666667,0.287470909429282,1.2457420043570713,1.2384258707332665,0.2615135967593322,0.2615135967593322,0.6239925465340449,0.6243819967929682,-0.3250205796653339,,,result.json,False,main_comparison_20260822_004654,2026-08-28 19:09
chain,Genetic,heuristic,Genetic,42,0.1866666666666666,0.7123333333333334,0.289666773202479,1.2731052971502874,1.2636477519309424,0.259486042934008,0.259486042934008,0.5999145713379297,0.6004422576539042,-0.323736344151961,,,result.json,False,main_comparison_20260824_203442,2026-08-28 13:54
chain,Greedy,heuristic,Greedy,1,0.6266666666666667,0.7566666666666667,0.192009702398184,1.351828450944883,1.488919190704988,0.1881993614018801,0.1881993614018801,-0.5755919705561511,-0.5835315839189873,-0.6232307260651528,,,result.json,False,main_comparison_20260824_203442,2026-08-28 13:54
chain,Greedy,heuristic,Greedy,3,0.82,0.8116666666666666,0.1605776862975434,1.3804187600471878,1.586780792805349,0.1617885003721014,0.1617885003721014,-0.7029653892941314,-0.7119541407700516,-0.6925340842169285,,,result.json,False,main_comparison_20260824_203442,2026-08-28 13:54
chain,Greedy,heuristic,Greedy,5,0.9666666666666668,0.85,0.1401751808492809,1.7759852450685183,1.629492939868495,0.1388347652241904,0.1388347652241904,-0.751540659724339,-0.7459273467191112,-0.7363155311875064,,,result.json,False,main_comparison_20260822_004654,2026-08-28 19:09
chain,Greedy,heuristic,Greedy,7,0.38,0.734,0.2101649482636569,1.3431014889986184,1.3670651514922647,0.1963563089782401,0.1963563089782401,0.070049769450034,0.0679698685588712,-0.5309491420629158,,,result.json,False,main_comparison_20260822_004654,2026-08-28 19:09
chain,Greedy,heuristic,Greedy,42,0.4133333333333333,0.7336666666666667,0.2106227915256222,1.3251079771291436,1.3738763038379291,0.1975748904444465,0.1975748904444465,-0.1077380384385946,-0.1119397723187539,-0.5421129108327175,,,result.json,False,main_comparison_20260824_203442,2026-08-28 13:54
chain,HybridPSOGA,heuristic,HybridPSOGA,1,0.04,0.6516666666666666,0.22713839310223585,1.276202649012153,1.260141033117524,0.22713839310223585,0.22713839310223585,0.6603556130944601,0.6607942264947093,,,,result_reeval.json,True,HybridPSOGA_rerun_20260831,2026-09-03 18:06
chain,HybridPSOGA,heuristic,HybridPSOGA,3,0.18666666666666668,0.7396666666666667,0.24411458702837668,1.6288822486908583,1.5409587575042107,0.24411458702837668,0.24411458702837668,-0.08785608930948469,-0.08362755381115473,,,,result_reeval.json,True,HybridPSOGA_rerun_20260831,2026-09-03 18:06
chain,HybridPSOGA,heuristic,HybridPSOGA,5,0.22666666666666666,0.784,0.21330506693136408,1.6867186965271708,1.5788728874348543,0.21330506693136408,0.21330506693136408,-0.34646739129131415,-0.3418612246223695,,,,result_reeval.json,True,HybridPSOGA_rerun_20260831,2026-09-03 18:06
chain,HybridPSOGA,heuristic,HybridPSOGA,7,0.0,0.592,0.21285123984585316,1.1162867116081923,1.1152028887867498,0.21285123984585316,0.21285123984585316,0.7072021258472881,0.7072283731894426,,,,result_reeval.json,True,HybridPSOGA_rerun_20260831,2026-09-03 18:06
chain,HybridPSOGA,heuristic,HybridPSOGA,42,0.0,0.6363333333333333,0.21087728080240856,1.1017301181524295,1.1009852506980802,0.21087728080240856,0.21087728080240856,0.7042180478265742,0.704236238764836,,,,result_reeval.json,True,HybridPSOGA_rerun_20260831,2026-09-03 18:06
chain,Local-only,heuristic,Local-only,1,1.0,0.9263333333333332,0.4183304676606877,1.1,1.6324000000000014,0.4114513682210509,0.4114513682210509,-0.7814096832887681,-0.7988444857877499,-0.7841310606386123,,,result.json,False,main_comparison_20260824_203442,2026-08-28 14:02
chain,Local-only,heuristic,Local-only,3,1.0,0.9416666666666668,0.4190784088335598,1.1,1.6282666666666676,0.4153506393349375,0.4153506393349375,-0.7836610023798608,-0.8008070404026021,-0.7852145232814601,,,result.json,False,main_comparison_20260824_203442,2026-08-28 14:02
chain,Local-only,heuristic,Local-only,5,1.0,0.9576666666666668,0.4371389529832655,1.1,1.6304666666666678,0.4154489053164932,0.4154489053164932,-0.7856855099367964,-0.8027570767866419,-0.7908770154506495,,,result.json,False,main_comparison_20260822_004654,2026-08-28 19:09
chain,Local-only,heuristic,Local-only,7,1.0,0.911,0.4192935468544998,1.1,1.6302666666666676,0.4121290020250681,0.4121290020250681,-0.7788147897136027,-0.7963648640997464,-0.7835020206458064,,,result.json,False,main_comparison_20260822_004654,2026-08-28 19:09
chain,Local-only,heuristic,Local-only,42,1.0,0.9093333333333332,0.3914774653159374,1.1,1.6110000000000015,0.3868260656076024,0.3868260656076024,-0.7727747021527224,-0.7901172027727855,-0.7758301933427016,,,result.json,False,main_comparison_20260824_203442,2026-08-28 14:02
default,main3,research,CPGAPPO,1,0.08,0.6423333333333333,0.2048733215695719,1.267297526549228,1.2441911896759976,0.2048338178436249,0.2048338178436249,0.2878589443546391,0.2897059822408077,8.590686874543684,22.66,2.695298666669169,result.json,False,main_comparison_20260824_203442,2026-08-26 23:28
default,main3,research,CPGAPPO,3,0.1466666666666666,0.6963333333333334,0.2264696395696361,1.3619124571298178,1.3052789668470597,0.2260735950369906,0.2260735950369906,-0.1139701725233823,-0.1090926527095778,76.3748491159098,22.34,2.7003195656275607,result.json,False,main_comparison_20260824_203442,2026-08-26 23:51
default,main3,research,CPGAPPO,5,0.14,0.7196666666666667,0.2020673782888696,1.2852135191260712,1.252336058506682,0.2016609090572963,0.2016609090572963,-0.0235120059040323,-0.0206461851984895,66.43254583164706,47.82,6.593678928453089,result.json,False,main_comparison_20260821_155720,2026-08-21 16:45
default,main3,research,CPGAPPO,7,0.0266666666666666,0.5736666666666667,0.1954975310802358,1.0986695957653556,1.086553708245282,0.1952890967310341,0.1952890967310341,0.6347568705061924,0.6353873368800093,1.193030759733539,57.23,7.776307706840862,result.json,False,main_comparison_20260821_155720,2026-08-21 17:43
default,main3,research,CPGAPPO,42,0.04,0.647,0.1996907717509784,1.0948936067430164,1.0843035367803349,0.1996907717509784,0.1996907717509784,0.5651323790091273,0.5657606442816309,1.339917861249188,24.0,2.842281354393625,result.json,False,main_comparison_20260824_203442,2026-08-27 00:15
default,alloff,ablation,alloff,1,0.1533333333333333,0.6433333333333333,0.2058931529900691,1.2677153577244793,1.227587517128087,0.2059654380535145,0.2059654380535145,-0.2265446207119985,-0.2232220832368796,86.90912754786902,23.37,2.9344906627832814,result.json,False,main_comparison_20260824_203442,2026-08-27 07:42
default,alloff,ablation,alloff,3,0.1733333333333333,0.7176666666666667,0.2268531558928813,1.3765890806575345,1.3070531802242924,0.2271441458891306,0.2271441458891306,-0.3644581788215429,-0.3591879213080972,123.3989724871756,22.74,2.911748368284097,result.json,False,main_comparison_20260824_203442,2026-08-27 08:05
default,alloff,ablation,alloff,5,0.1733333333333333,0.7186666666666667,0.2020282283830202,1.290732413456503,1.2486379491627386,0.202061269655093,0.202061269655093,-0.2802393247912563,-0.276853128405118,123.36175102594932,21.86,2.792314905393271,result.json,False,ablation_classic_default_20260819_025429,2026-08-19 08:12
default,alloff,ablation,alloff,7,0.04,0.593,0.2011824133208251,1.1080971116648886,1.0917381441873355,0.1965630002463392,0.1965630002463392,0.4188170217782403,0.4199927265109773,1.233760308576848,31.99,4.225569665703447,result_reeval.json,True,ablation_classic_default_20260608_114147,2026-06-09 22:22
default,alloff,ablation,alloff,9,0.0733333333333333,0.634,0.1848872346287392,1.11923662519688,1.1037384085039623,0.185075067857655,0.185075067857655,0.3379885128937576,0.3391851537787884,5.6937201672364495,99.39,14.075913322685643,result.json,False,ablation_classic_default_20260819_085514,2026-08-19 21:26
default,alloff,ablation,alloff,11,0.1666666666666666,0.669,0.2060687394046058,1.2802844026370523,1.232753271372654,0.2071944314760248,0.2071944314760248,-0.2324144426946778,-0.2284894337982594,110.444541557308,101.33,14.715529108007033,result.json,False,ablation_classic_default_20260819_085519,2026-08-19 21:20
default,alloff,ablation,alloff,42,0.0666666666666666,0.6656666666666666,0.2130956356213515,1.124683144918275,1.106787834194748,0.2170378367433909,0.2170378367433909,0.4087920775240455,0.4100910856506541,3.618416865856659,23.49,2.909967008189506,result.json,False,main_comparison_20260824_203442,2026-08-27 08:28
default,fwdonly,ablation,fwdonly,1,0.1333333333333333,0.6346666666666667,0.2040195818260592,1.2606013116447743,1.2224930755487151,0.2040195818260592,0.2040195818260592,0.0356437219655748,0.0389624870082717,56.99871875296463,24.53,2.9823457627913514,result.json,False,main_comparison_20260824_203442,2026-08-27 06:28
default,fwdonly,ablation,fwdonly,3,0.1333333333333333,0.6993333333333334,0.2274455250749607,1.3631361833609437,1.3037834993543185,0.2272750399648559,0.2272750399648559,-0.0269553897364769,-0.0217823689340287,57.15976012058227,24.17,3.000330563723619,result.json,False,main_comparison_20260824_203442,2026-08-27 06:53
default,fwdonly,ablation,fwdonly,5,0.1333333333333333,0.722,0.2018840022462185,1.289514156626545,1.2580210421687044,0.2024264686575539,0.2024264686575539,0.0642493728580399,0.0669840384901258,57.18238975048351,29.12,3.8119018570859007,result.json,False,ablation_classic_default_20260819_025429,2026-08-19 07:50
default,fwdonly,ablation,fwdonly,7,0.0466666666666666,0.572,0.1956105682377533,1.0881868059110096,1.0755377225350218,0.1958118238038725,0.1958118238038725,0.5471108394485762,0.547883294143196,1.189454543718054,32.6,4.190169295457408,result_reeval.json,True,ablation_classic_default_20260608_114147,2026-06-09 19:45
default,fwdonly,ablation,fwdonly,9,0.0466666666666666,0.6093333333333333,0.1834457880958735,1.0828288122191387,1.0725836484934803,0.183092192353506,0.183092192353506,0.5153950616115348,0.5160508977742003,1.263168945762581,95.48,13.328342910280078,result.json,False,ablation_classic_default_20260819_085514,2026-08-19 19:47
default,fwdonly,ablation,fwdonly,11,0.1333333333333333,0.6633333333333333,0.2067585025822153,1.270314203081331,1.226186790485607,0.2065343297966135,0.2065343297966135,-0.0135661486445936,-0.0097183541384742,57.05656681602473,92.31,13.123819528801675,result.json,False,ablation_classic_default_20260819_085519,2026-08-19 19:38
default,fwdonly,ablation,fwdonly,15,0.1,0.7036666666666667,0.2082458810584832,1.261788693354421,1.223673772105477,0.2081866843791144,0.2081866843791144,0.2397709438222975,0.2429013173853731,21.538652354373305,156.66,22.431219863890515,result.json,False,ablation_classic_default_20260819_224135,2026-08-20 17:06
default,fwdonly,ablation,fwdonly,19,0.0933333333333333,0.6503333333333333,0.1915411741980823,1.1764980232984528,1.1611849271693055,0.1914767182148726,0.1914767182148726,0.2934605687873552,0.294680527110327,16.42580441878578,157.2,22.387727038210738,result.json,False,ablation_classic_default_20260819_224138,2026-08-20 17:10
default,fwdonly,ablation,fwdonly,42,0.0133333333333333,0.642,0.2000010682736693,1.0949150322129355,1.0865873633987406,0.2000007614270686,0.2000007614270686,0.6455118282472537,0.6459352619158479,1.3298987207744548,24.99,3.017180308838721,result.json,False,main_comparison_20260824_203442,2026-08-27 07:18
default,noappcredit,ablation,noappcredit,1,0.12,0.6193333333333333,0.2037646072247741,1.2432869007582696,1.2099171712935024,0.2036343407180848,0.2036343407180848,0.0832761366551509,0.0861653974746405,40.59042199450292,28.59,3.619884010856108,result.json,False,main_comparison_20260824_203442,2026-08-27 03:40
default,noappcredit,ablation,noappcredit,3,0.1533333333333333,0.7086666666666667,0.2265698792656673,1.3828101130792902,1.3108315510992037,0.2265698792656673,0.2265698792656673,-0.117396168275423,-0.1112009956265381,87.08303823153709,27.99,3.5712700538547204,result.json,False,main_comparison_20260824_203442,2026-08-27 04:08
default,noappcredit,ablation,noappcredit,5,0.1466666666666666,0.7163333333333334,0.202529031374502,1.2906375253415523,1.252022102761856,0.1997930126205325,0.1997930126205325,-0.2805541824521504,-0.2774487039468488,76.38618245395868,55.75,7.773080313555743,result.json,False,ablation_classic_default_20260819_025429,2026-08-19 06:39
default,noappcredit,ablation,noappcredit,7,0.04,0.559,0.1955451258540946,1.0823951587197276,1.0704410730066936,0.1950105116292668,0.1950105116292668,0.5202894378879587,0.5210493250012219,1.162477260318227,55.57,7.542863996653485,result_reeval.json,True,ablation_classic_default_20260608_114147,2026-06-09 13:39
default,noappcredit,ablation,noappcredit,9,0.0466666666666666,0.615,0.1835211080778798,1.0801265803131288,1.0701113906755533,0.1831714033218167,0.1831714033218167,0.4527796449697274,0.4534737291628051,1.2743166183613497,110.81,15.534104750745044,result.json,False,ablation_classic_default_20260819_085514,2026-08-19 16:23
default,noappcredit,ablation,noappcredit,11,0.1533333333333333,0.663,0.2053940527165562,1.2549791337819345,1.213750112800335,0.2053554321835813,0.2053554321835813,-0.1424404566131313,-0.1389160638376536,86.94733488156929,109.7,15.547765866652792,result.json,False,ablation_classic_default_20260819_085519,2026-08-19 16:18
default,noappcredit,ablation,noappcredit,15,0.0866666666666666,0.683,0.2087186639308365,1.2368662073529753,1.2094511819804197,0.2087848131329027,0.2087848131329027,0.3239567246521795,0.326094995329445,12.22981913706811,227.13,32.79619293761745,result.json,False,ablation_classic_default_20260819_224135,2026-08-20 11:14
default,noappcredit,ablation,noappcredit,19,0.1066666666666666,0.6456666666666667,0.1912165754320628,1.1764875568214856,1.154402715154335,0.1910641914836682,0.1910641914836682,0.2127447273197502,0.2145828039952543,27.09904174586572,228.67,32.704733532802365,result.json,False,ablation_classic_default_20260819_224138,2026-08-20 11:17
default,noappcredit,ablation,noappcredit,42,0.0266666666666666,0.6386666666666667,0.200474891090482,1.0935479482774222,1.082907126093379,0.2001470275806538,0.2001470275806538,0.5895638130828055,0.5901689086150738,1.3231666662444703,28.93,3.606216339128879,result.json,False,main_comparison_20260824_203442,2026-08-27 04:37
default,nocp,ablation,nocp,1,0.14,0.63,0.2032949926384842,1.256308389675068,1.2198221010045545,0.2028079046117223,0.2028079046117223,-0.0507508287857311,-0.0475765786840604,66.24249147331268,28.54,3.597731002217702,result.json,False,main_comparison_20260824_203442,2026-08-27 05:06
default,nocp,ablation,nocp,3,0.16,0.7076666666666667,0.2249182195405246,1.3860885690840723,1.317809845946638,0.2244962599271139,0.2244962599271139,-0.2450289945687201,-0.2394238487582372,98.47016240040654,28.27,3.5974296759973954,result.json,False,main_comparison_20260824_203442,2026-08-27 05:35
default,nocp,ablation,nocp,5,0.1466666666666666,0.7286666666666667,0.2003995376009313,1.2983914978184865,1.260588261689925,0.2021059454723983,0.2021059454723983,-0.2406551065303676,-0.2375467912572025,76.41677603954818,41.04,5.583977366570988,result.json,False,ablation_classic_default_20260819_025429,2026-08-19 07:20
default,nocp,ablation,nocp,7,0.0466666666666666,0.6133333333333333,0.1946548762012037,1.1402071083886562,1.121446160603502,0.1946548762012037,0.1946548762012037,0.5397564652086976,0.5409149052793126,1.277853539735115,39.11,5.173976142519471,result_reeval.json,True,ablation_classic_default_20260608_114147,2026-06-09 17:04
default,nocp,ablation,nocp,9,0.0466666666666666,0.616,0.1828178541360186,1.0937217005228663,1.0862332411302744,0.1828178541360186,0.1828178541360186,0.5423407828852252,0.5428015951110802,1.277781593084054,106.69,14.970428739356151,result.json,False,ablation_classic_default_20260819_085514,2026-08-19 18:10
default,nocp,ablation,nocp,11,0.1733333333333333,0.6656666666666666,0.2049414790623964,1.2832050039079577,1.236078536355488,0.2035761801339661,0.2035761801339661,-0.3128291489576361,-0.309116730554611,123.25443641183855,105.46,14.92629075163181,result.json,False,ablation_classic_default_20260819_085519,2026-08-19 18:05
default,nocp,ablation,nocp,15,0.1133333333333333,0.733,0.2071793336204092,1.309084560028786,1.263594878423221,0.2071793336204092,0.2071793336204092,0.1471730671933405,0.1510519779813713,33.71542280393512,192.76,27.68164947084939,result.json,False,ablation_classic_default_20260819_224135,2026-08-20 14:28
default,nocp,ablation,nocp,19,0.0933333333333333,0.6546666666666666,0.1907794305861655,1.1971086488204696,1.1764941623110745,0.1909590061967749,0.1909590061967749,0.2516951318177565,0.253378253557676,16.439506611152336,192.95,27.58368892605492,result.json,False,ablation_classic_default_20260819_224138,2026-08-20 14:32
default,nocp,ablation,nocp,42,0.0466666666666666,0.6453333333333333,0.2001073796892726,1.1130059747908314,1.0998587504770203,0.2001073796892726,0.2001073796892726,0.538033713374265,0.5388478644560085,1.33869061722374,28.84,3.6004721310295618,result.json,False,main_comparison_20260824_203442,2026-08-27 06:04
default,noguidece,ablation,noguidece,1,0.1533333333333333,0.6286666666666667,0.202854061330168,1.2533007591039338,1.218461960859252,0.202854061330168,0.202854061330168,-0.0943639685591363,-0.0913519013989826,86.87685660143735,29.17,3.715879450439673,result.json,False,main_comparison_20260824_203442,2026-08-27 00:44
default,noguidece,ablation,noguidece,3,0.1066666666666666,0.7083333333333334,0.2277804412363551,1.3623089818002403,1.3269753131988444,0.2280204186202003,0.2280204186202003,0.188459139203458,0.1914293870136086,27.269457308924444,28.75,3.723227328053964,result.json,False,main_comparison_20260824_203442,2026-08-27 01:13
default,noguidece,ablation,noguidece,5,0.1666666666666666,0.7276666666666667,0.2000915452668746,1.2975862992329086,1.255850646735002,0.1990769496152744,0.1990769496152744,-0.2822171845035639,-0.2788639101702233,110.573497641416,91.95,13.122244655983152,result.json,False,main_comparison_20260821_155720,2026-08-21 19:15
default,noguidece,ablation,noguidece,7,0.0466666666666666,0.5763333333333334,0.195303335618779,1.0967316622245156,1.0844354071724038,0.195303335618779,0.195303335618779,0.5463430125288661,0.5470948337565444,1.1987982552974243,74.74,10.40123181304245,result.json,False,main_comparison_20260821_155720,2026-08-21 20:31
default,noguidece,ablation,noguidece,9,0.0666666666666666,0.63,0.1827135401767343,1.0963330804047662,1.0847664390309564,0.1827135401767343,0.1827135401767343,0.449503481202372,0.4503080198306206,3.5436692114322472,110.98,15.676948314418006,result.json,False,ablation_classic_default_20260819_085514,2026-08-19 12:39
default,noguidece,ablation,noguidece,11,0.16,0.678,0.2051747087757855,1.2766462063301935,1.2299397328953494,0.2047200255206757,0.2047200255206757,-0.147178532293084,-0.1431911575267574,98.36957562175512,109.8,15.673814861810646,result.json,False,ablation_classic_default_20260819_085519,2026-08-19 12:37
default,noguidece,ablation,noguidece,15,0.1066666666666666,0.69,0.208657963768671,1.2443403649163929,1.2137678943658898,0.208657963768671,0.208657963768671,0.2012903634335185,0.2038471602763275,27.20391905693008,159.33,23.16937314823869,result.json,False,ablation_classic_default_20260819_224135,2026-08-20 04:16
default,noguidece,ablation,noguidece,19,0.12,0.67,0.1910883135597272,1.20863165842091,1.1809656818525105,0.1911567769291022,0.1911567769291022,0.1217462542381781,0.1241225202807587,40.68221084673973,160.86,23.08725809963,result.json,False,ablation_classic_default_20260819_224138,2026-08-20 04:18
default,noguidece,ablation,noguidece,42,0.0466666666666666,0.6453333333333333,0.2002503137447319,1.096537886045514,1.0849276833479324,0.2002503137447319,0.2002503137447319,0.5390533522775596,0.5397712619888205,1.3367757231835868,31.83,4.033599061611546,result.json,False,main_comparison_20260824_203442,2026-08-27 01:45
default,noshield,ablation,noshield,1,0.1,0.6836666666666666,0.2071453979823016,1.2963684499469246,1.2654586209550625,0.2071453979823016,0.2071453979823016,0.2393791256292411,0.2419186397433311,21.50602367053023,28.43,3.6004436624281,result.json,False,main_comparison_20260824_203442,2026-08-27 02:14
default,noshield,ablation,noshield,3,0.1533333333333333,0.7166666666666667,0.2275244425148889,1.3926632637004428,1.320188570229664,0.227471619399383,0.227471619399383,-0.1192787169009833,-0.1130435557005226,87.10286420975024,27.66,3.54065022366946,result.json,False,main_comparison_20260824_203442,2026-08-27 02:42
default,noshield,ablation,noshield,5,0.1733333333333333,0.727,0.201314639934009,1.2903811185530598,1.248363939138053,0.2011238477695576,0.2011238477695576,-0.2809481143698119,-0.2775695915597579,123.38020317896137,56.11,7.948708999632686,result.json,False,main_comparison_20260821_155720,2026-08-21 21:27
default,noshield,ablation,noshield,7,0.0466666666666666,0.5913333333333334,0.1967884481295055,1.1051711466676777,1.0901828014231048,0.1964449082965413,0.1964449082965413,0.4861821911538252,0.4871797110168456,1.2300275170498487,58.24,7.988066385954522,result.json,False,main_comparison_20260821_155720,2026-08-21 22:26
default,noshield,ablation,noshield,9,0.06,0.6326666666666667,0.1842294044787271,1.1016982226402297,1.089050412225272,0.1843041134239186,0.1843041134239186,0.481397244963811,0.482244187203501,2.122145274705537,111.15,15.705627184236675,result.json,False,ablation_classic_default_20260819_085514,2026-08-19 14:31
default,noshield,ablation,noshield,11,0.1533333333333333,0.6683333333333333,0.2067607686010076,1.268674647720783,1.2249573895403494,0.2065217735112165,0.2065217735112165,-0.2710698272179215,-0.2675337802856586,86.96206664218899,110.12,15.701133548762764,result.json,False,ablation_classic_default_20260819_085519,2026-08-19 14:28
default,noshield,ablation,noshield,15,0.1066666666666666,0.688,0.2121770555699829,1.2425410431081998,1.2159005956361115,0.2116309338290626,0.2116309338290626,0.2024960478044819,0.2047230250457882,27.201163798189747,187.22,27.121270402255064,result.json,False,ablation_classic_default_20260819_224135,2026-08-20 07:25
default,noshield,ablation,noshield,19,0.1266666666666666,0.6646666666666666,0.1933520099135911,1.2077443095013416,1.1803869245844518,0.1927632425680368,0.1927632425680368,0.1218717492506152,0.1242214441368114,48.49790428579712,187.17,26.982190791526552,result.json,False,ablation_classic_default_20260819_224138,2026-08-20 07:27
default,noshield,ablation,noshield,42,0.0666666666666666,0.669,0.2015872205559432,1.1173885095257388,1.1025337351763265,0.2020199060082343,0.2020199060082343,0.4089471163995963,0.4100253668334853,3.6256825089240654,28.72,3.6136807831586135,result.json,False,main_comparison_20260824_203442,2026-08-27 03:11
default,DGMA_adapt,ext_rl,DGMA_adapt,1,0.1733333333333333,0.6513333333333333,0.2055438155365809,1.2626558471454226,1.2241246777163377,0.2048340557247318,0.2048340557247318,-0.1840933669694585,-0.1808449743245931,5337.992972918935,108.08,0.0,result.json,False,main_comparison_20260824_203442,2026-08-28 13:55
default,DGMA_adapt,ext_rl,DGMA_adapt,3,0.18,0.719,0.2264143896700851,1.3906245822844518,1.3166663547723911,0.2264143896700851,0.2264143896700851,-0.2877425653220717,-0.2818158226797894,5782.883493311746,105.86,0.0,result.json,False,main_comparison_20260824_203442,2026-08-28 13:55
default,DGMA_adapt,ext_rl,DGMA_adapt,5,0.1733333333333333,0.7183333333333334,0.202628221854492,1.276814933673101,1.237161081156172,0.2028183337254276,0.2028183337254276,-0.2774599329232133,-0.2742649201570051,5338.174667017532,423.49,0.0,result.json,False,main_comparison_20260822_004708,2026-08-28 19:02
default,DGMA_adapt,ext_rl,DGMA_adapt,7,0.06,0.594,0.1971666812430013,1.1104856460751569,1.095427368546138,0.1971666812430013,0.1971666812430013,0.4851020830440286,0.4861056323711298,501.47438533447,456.22,0.0,result.json,False,main_comparison_20260822_004708,2026-08-28 19:02
default,DGMA_adapt,ext_rl,DGMA_adapt,42,0.1,0.706,0.1956655633246222,1.1658591311592257,1.1427492759660214,0.1956655633246222,0.1956655633246222,0.2469358300257548,0.2488273871217538,1621.9536966641356,108.71,0.0,result.json,False,main_comparison_20260824_203442,2026-08-28 13:55
default,DGMA_paper,ext_rl,DGMA_paper,1,1.0,0.9266666666666666,57.27034498267816,1.314854267903717,1.3523779551367454,0.2857930583205523,0.2857930583205523,-0.5913054769590753,-0.5934295996639712,-0.7573364720644473,170.75,0.0,result.json,False,main_comparison_20260824_203442,2026-08-28 13:56
default,DGMA_paper,ext_rl,DGMA_paper,3,1.0,0.9386666666666666,61.75734710997843,1.3822091743891154,1.4130790458859683,0.3456575115758561,0.3456575115758561,-0.7027694475548033,-0.7041294039874593,-0.7629682417229227,406.71,0.0,result.json,False,main_comparison_20260824_203442,2026-08-28 13:56
default,DGMA_paper,ext_rl,DGMA_paper,5,1.0,0.9683333333333334,62.43699103405249,1.232750653811208,1.4036750653811192,0.3688039212206147,0.3688039212206147,-0.7375299027860537,-0.7442534542348584,-0.7655460584658473,481.95,0.0,result.json,False,main_comparison_20260822_004708,2026-08-28 19:03
default,DGMA_paper,ext_rl,DGMA_paper,7,1.0,0.8786666666666667,57.401126909143166,1.1558855581363603,1.362859400464545,0.3507342018151437,0.3507342018151437,-0.6987939083150293,-0.7079138599599724,-0.754394289520559,505.49,0.0,result.json,False,main_comparison_20260822_004708,2026-08-28 19:04
default,DGMA_paper,ext_rl,DGMA_paper,42,1.0,0.8946666666666667,56.259895301188095,1.1419268036768049,1.3022269826569826,0.3037547154216978,0.3037547154216978,-0.6233696630305661,-0.6318425855361253,-0.7541635557959759,448.4,0.0,result.json,False,main_comparison_20260824_203442,2026-08-28 13:56
default,GATDQN,ext_rl,GATDQN,1,0.1266666666666666,0.7296666666666667,0.2089766400205916,1.2667039275721053,1.2425389325871714,0.2077060692678868,0.2077060692678868,-0.3864591998564202,-0.3846650725078319,2724.451471071863,45.11,0.0,result.json,False,main_comparison_20260824_203442,2026-08-28 13:57
default,GATDQN,ext_rl,GATDQN,3,0.38,0.7796666666666666,0.2690345829114838,1.4198345528396328,1.3830671544691864,0.2941279265387639,0.2941279265387639,-0.5933536951279911,-0.5912721764897734,27383.81809274746,47.21,0.0,result.json,False,main_comparison_20260824_203442,2026-08-28 13:57
default,GATDQN,ext_rl,GATDQN,5,0.1466666666666666,0.7566666666666667,0.2076912981268064,1.3136187828261885,1.2746721903015228,0.1975620356601151,0.1975620356601151,-0.4374877760166107,-0.43473727036165,3737.984499914078,50.95,0.0,result.json,False,main_comparison_20260822_004708,2026-08-28 19:07
default,GATDQN,ext_rl,GATDQN,7,0.1733333333333333,0.7493333333333333,0.2008669409477474,1.1592147451150467,1.137068484197406,0.1916135156295205,0.1916135156295205,0.2568439218140961,0.2586469756170612,5338.141495658666,48.15,0.0,result.json,False,main_comparison_20260822_004708,2026-08-28 19:07
default,GATDQN,ext_rl,GATDQN,42,0.28,0.721,0.2374400561027098,1.1354923689565335,1.1633845565223273,0.2285713134820667,0.2285713134820667,-0.448346605154153,-0.4502879825010468,14583.046457147117,51.85,0.0,result.json,False,main_comparison_20260824_203442,2026-08-28 13:58
default,PPO,ext_rl,PPO,1,0.2533333333333333,0.6516666666666666,0.3244019055474587,1.2064012579768324,1.4231414004254306,0.1549433046486348,0.1549433046486348,-0.7240295509824427,-0.7329001965981001,-1.0,25.13,0.0,result.json,False,main_comparison_20260824_203442,2026-08-28 13:54
default,PPO,ext_rl,PPO,3,0.72,0.7533333333333333,0.3397439685611957,1.2100569984221137,1.3494151995792307,0.2324542126976331,0.2324542126976331,-0.6329853721031913,-0.6402132632545277,-1.0,17.48,0.0,result.json,False,main_comparison_20260824_203442,2026-08-28 13:55
default,PPO,ext_rl,PPO,5,0.8933333333333333,0.8046666666666666,0.2888446262138686,1.1,1.4343999999999986,0.104127413397967,0.104127413397967,-0.750537037658854,-0.7629960268147474,-1.0,11.2,0.0,result.json,False,main_comparison_20260822_004708,2026-08-28 19:08
default,PPO,ext_rl,PPO,7,0.1133333333333333,0.582,0.3098166300168193,0.9764721891092084,1.3354512898944462,0.1651066974330374,0.1651066974330374,-0.6581885817717157,-0.6755688146171687,-1.0,15.31,0.0,result.json,False,main_comparison_20260822_004708,2026-08-28 19:08
default,PPO,ext_rl,PPO,42,0.1066666666666666,0.634,0.320490041506753,0.7649810386914718,1.3413972190080818,0.2076727905789894,0.2076727905789894,-0.689035427757294,-0.7145334954085691,-1.0,32.04,0.0,result.json,False,main_comparison_20260824_203442,2026-08-28 13:55
default,TransEdgeStyle,ext_rl,TransEdgeStyle,1,0.14,0.7203333333333334,0.2077919544882359,1.2989777954207125,1.252389051033765,0.2036720150474622,0.2036720150474622,-0.3132580825015953,-0.3095891631229411,3382.32141876029,47.43,0.0,result.json,False,main_comparison_20260824_203442,2026-08-28 13:58
default,TransEdgeStyle,ext_rl,TransEdgeStyle,3,0.1466666666666666,0.7383333333333333,0.2127390526590496,1.3867106882649285,1.318853624295648,0.2257660463029503,0.2257660463029503,-0.4025568689853129,-0.3975863049410874,3738.051615481232,45.83,0.0,result.json,False,main_comparison_20260824_203442,2026-08-28 13:58
default,TransEdgeStyle,ext_rl,TransEdgeStyle,5,0.18,0.77,0.2078952336838918,1.3022738988876323,1.2582554671249375,0.201463809177879,0.201463809177879,-0.321654439849843,-0.3182085552081709,5782.880953199249,42.77,0.0,result.json,False,main_comparison_20260822_004708,2026-08-28 19:05
default,TransEdgeStyle,ext_rl,TransEdgeStyle,7,0.1266666666666666,0.6993333333333334,0.2075729606672807,1.126153817864623,1.1088410009351044,0.1968620871320819,0.1968620871320819,0.3808174191519721,0.3821075553789614,2724.373276888806,33.86,0.0,result.json,False,main_comparison_20260822_004708,2026-08-28 19:05
default,TransEdgeStyle,ext_rl,TransEdgeStyle,42,0.12,0.7093333333333334,0.2135681696422004,1.130085848985178,1.1123422137736227,0.2013016657645056,0.2013016657645056,0.3722844207475222,0.3736165979324354,2422.13982134338,39.47,0.0,result.json,False,main_comparison_20260824_203442,2026-08-28 13:58
default,Edge-only,heuristic,Edge-only,1,0.72,0.7483333333333333,0.261917159451512,1.3410711688501429,1.403614233770028,0.2608206725046051,0.2608206725046051,-0.6286055521897324,-0.6318933303890963,-0.6540084778088772,,,result.json,False,main_comparison_20260824_203442,2026-08-28 14:02
default,Edge-only,heuristic,Edge-only,3,0.9933333333333332,0.8116666666666666,0.2145091186914023,1.1,1.445066666666667,0.2143392693553156,0.2143392693553156,-0.7362697438724147,-0.749746870709505,-0.7409730707806045,,,result.json,False,main_comparison_20260824_203442,2026-08-28 14:02
default,Edge-only,heuristic,Edge-only,5,1.0,0.8576666666666667,0.174376213705565,1.1,1.4343999999999986,0.1764143645595134,0.1764143645595134,-0.7446485195007139,-0.7573608367626784,-0.7458489492309677,,,result.json,False,main_comparison_20260822_004708,2026-08-28 19:09
default,Edge-only,heuristic,Edge-only,7,0.3333333333333333,0.7426666666666667,0.2752255751979428,1.3967330147699284,1.353243789748153,0.2703598221774008,0.2703598221774008,-0.025486356934469,-0.0216958072794867,-0.5073090686234705,,,result.json,False,main_comparison_20260822_004708,2026-08-28 19:09
default,Edge-only,heuristic,Edge-only,42,0.4666666666666667,0.7406666666666667,0.2814641968528773,1.467261043473988,1.399314591301926,0.2759020684611413,0.2759020684611413,-0.1239639840473442,-0.1181252593551475,-0.5613342325883317,,,result.json,False,main_comparison_20260824_203442,2026-08-28 14:02
default,Genetic,heuristic,Genetic,1,0.14,0.702,0.2766113869163794,1.3352940713072337,1.2902038894396817,0.2717902232658616,0.2717902232658616,-0.4283384389899709,-0.4251222260749343,-0.0191372694498452,,,result.json,False,main_comparison_20260824_203442,2026-08-28 13:54
default,Genetic,heuristic,Genetic,3,0.3466666666666667,0.7613333333333333,0.2617490450398739,1.460006267868542,1.404469215599874,0.2784197534225591,0.2784197534225591,-0.5298090208263085,-0.5263162539791945,-0.5146510951556671,,,result.json,False,main_comparison_20260824_203442,2026-08-28 13:54
default,Genetic,heuristic,Genetic,5,0.4666666666666667,0.8083333333333333,0.2511934052005826,1.4398381793688269,1.4032159628688972,0.250070548216415,0.250070548216415,-0.5853552101509042,-0.5832518122724654,-0.567281409852463,,,result.json,False,main_comparison_20260822_004708,2026-08-28 19:09
default,Genetic,heuristic,Genetic,7,0.1266666666666666,0.6906666666666667,0.2775196505726878,1.1991210685459617,1.174220680777419,0.2644065553089982,0.2644065553089982,0.508056788004787,0.5096660324900809,0.0731359351965139,,,result.json,False,main_comparison_20260822_004708,2026-08-28 19:09
default,Genetic,heuristic,Genetic,42,0.1,0.693,0.2862843586263445,1.2153121029224452,1.1974829733163503,0.2693044993117399,0.2693044993117399,0.6023988266429271,0.6033885282805337,0.2395908841309336,,,result.json,False,main_comparison_20260824_203442,2026-08-28 13:54
default,Greedy,heuristic,Greedy,1,0.6466666666666666,0.742,0.1823002546144271,1.2351612090523487,1.353318253563418,0.1794788885820254,0.1794788885820254,-0.594935438464191,-0.6015518150934617,-0.6269176886375102,,,result.json,False,main_comparison_20260824_203442,2026-08-28 13:54
default,Greedy,heuristic,Greedy,3,0.9,0.8043333333333333,0.1552828012547357,1.1570968436588347,1.4353225824975693,0.1567460322538187,0.1567460322538187,-0.7251695360702621,-0.7364726441611732,-0.7148654000639009,,,result.json,False,main_comparison_20260824_203442,2026-08-28 13:54
default,Greedy,heuristic,Greedy,5,0.96,0.858,0.1238707825179789,1.393701623183793,1.431540699130341,0.1274538648533092,0.1274538648533092,-0.7505647723763357,-0.7520021252547412,-0.7352777525963781,,,result.json,False,main_comparison_20260822_004708,2026-08-28 19:09
default,Greedy,heuristic,Greedy,7,0.5333333333333333,0.7353333333333333,0.1854923835061115,1.2316035018846536,1.3190734707915543,0.1823043423952454,0.1823043423952454,-0.5244154195324082,-0.5299236313340271,-0.5859885163825402,,,result.json,False,main_comparison_20260822_004708,2026-08-28 19:09
default,Greedy,heuristic,Greedy,42,0.4933333333333333,0.7296666666666667,0.2005115436281638,1.278164273849041,1.3633813289036414,0.1930291703854704,0.1930291703854704,-0.5277859895418534,-0.5331264983406319,-0.5694419854552598,,,result.json,False,main_comparison_20260824_203442,2026-08-28 13:54
default,HybridPSOGA,heuristic,HybridPSOGA,1,0.1,0.6363333333333333,0.21931960315211257,1.2183253784021946,1.1948268102897992,0.21931960315211257,0.21931960315211257,0.46992226678648946,0.4708088778807998,,,,result_reeval.json,True,HybridPSOGA_rerun_20260831,2026-09-03 18:06
default,HybridPSOGA,heuristic,HybridPSOGA,3,0.25333333333333335,0.7293333333333333,0.23749482229106633,1.4924410643561723,1.410008973267218,0.23749482229106633,0.23749482229106633,-0.46195471074640143,-0.45880740411150445,,,,result_reeval.json,True,HybridPSOGA_rerun_20260831,2026-09-03 18:06
default,HybridPSOGA,heuristic,HybridPSOGA,5,0.6333333333333333,0.7736666666666666,0.21032241310502775,1.470607143198516,1.4291778571678897,0.21032241310502775,0.21032241310502775,-0.6251322670093207,-0.6239079067237661,,,,result_reeval.json,True,HybridPSOGA_rerun_20260831,2026-09-03 18:06
default,HybridPSOGA,heuristic,HybridPSOGA,7,0.013333333333333334,0.5926666666666667,0.21132171676891262,1.0918450574129008,1.0871291892152235,0.21132171676891262,0.21132171676891262,0.6994982081326045,0.699614875750493,,,,result_reeval.json,True,HybridPSOGA_rerun_20260831,2026-09-03 18:06
default,HybridPSOGA,heuristic,HybridPSOGA,42,0.0,0.6543333333333333,0.21720041973514378,1.1128682402251757,1.1090775420873387,0.21720041973514378,0.21720041973514378,0.7025812927803193,0.7026742813585444,,,,result_reeval.json,True,HybridPSOGA_rerun_20260831,2026-09-03 18:06
default,Local-only,heuristic,Local-only,1,1.0,0.924,0.4040187820480298,1.1,1.4389999999999994,0.383028398281459,0.383028398281459,-0.7745261781811721,-0.7860869019083514,-0.7801364111529429,,,result.json,False,main_comparison_20260824_203442,2026-08-28 14:02
default,Local-only,heuristic,Local-only,3,1.0,0.9453333333333334,0.4169386326124579,1.1,1.445066666666667,0.4119754469621425,0.4119754469621425,-0.7831418843201057,-0.7945072399131111,-0.7848553783135006,,,result.json,False,main_comparison_20260824_203442,2026-08-28 14:02
default,Local-only,heuristic,Local-only,5,1.0,0.96,0.4282378846128795,1.1,1.4343999999999986,0.4172831831634158,0.4172831831634158,-0.7862679693398157,-0.7971492284435043,-0.7886830220749388,,,result.json,False,main_comparison_20260822_004708,2026-08-28 19:09
default,Local-only,heuristic,Local-only,7,1.0,0.9153333333333332,0.3929598021958814,1.1,1.4317333333333324,0.3834918587772577,0.3834918587772577,-0.7717796892276331,-0.7832191956568034,-0.7765971146834545,,,result.json,False,main_comparison_20260822_004708,2026-08-28 19:09
default,Local-only,heuristic,Local-only,42,1.0,0.913,0.3837250039417824,1.1,1.4434666666666665,0.3750355893392738,0.3750355893392738,-0.7703311761299978,-0.7822318060359186,-0.7738987480990028,,,result.json,False,main_comparison_20260824_203442,2026-08-28 14:02
wide,main3,research,CPGAPPO,1,0.0,0.0598006644518272,0.1172407871404855,0.3942669383084835,0.3976029002786291,0.1172534492315291,0.1172534492315291,0.7324030839041679,0.7324030839041679,0.1196013289036544,29.27,6.624550694470114,result.json,False,main_comparison_20260824_203442,2026-08-28 06:24
wide,main3,research,CPGAPPO,3,0.0466666666666666,0.1597877358490566,0.1341547713076769,0.4777075959934563,0.4670050639956375,0.134265586611301,0.134265586611301,0.6341363296806976,0.6341363296806976,0.3195754716981132,26.5,6.4753787111130645,result.json,False,main_comparison_20260824_203442,2026-08-28 08:49
wide,main3,research,CPGAPPO,5,0.0666666666666666,0.2404997397188964,0.131059193712426,0.4587600903767441,0.5060032289205577,0.1310738398336916,0.1310738398336916,0.5204733432700753,0.5204733432700753,2.703221701659999,30.27,6.531354933227783,result.json,False,main_comparison_20260821_155727,2026-08-21 16:27
wide,main3,research,CPGAPPO,7,0.0,0.0241935483870967,0.1191424954121887,0.4015671556755403,0.4002064596683412,0.1189922326211588,0.1189922326211588,0.7347753962858411,0.7347753962858411,0.0483870967741935,31.72,6.479890389000045,result.json,False,main_comparison_20260821_155727,2026-08-21 16:59
wide,main3,research,CPGAPPO,42,0.02,0.0552922590837282,0.1278609439887486,0.4245079006700329,0.4260204966074966,0.1281823153488902,0.1281823153488902,0.7232132310468059,0.7232132310468059,0.1105845181674565,30.03,6.431348272765615,result.json,False,main_comparison_20260824_203442,2026-08-28 08:32
wide,alloff,ablation,alloff,1,0.0133333333333333,0.1074197120708748,0.11960888505304,0.4221208103911659,0.4254057311874227,0.1197844943680077,0.1197844943680077,0.7074833286104802,0.7074833286104802,0.2148394241417497,28.64,6.621193504373355,result.json,False,main_comparison_20260824_203442,2026-08-28 06:52
wide,alloff,ablation,alloff,3,0.0666666666666666,0.2099056603773585,0.1357628331022063,0.4863732104533967,0.4793807361024331,0.134994239592658,0.134994239592658,0.4232509395349901,0.4232509395349901,2.6420335429769235,25.0,6.286585786043465,result.json,False,main_comparison_20260824_203442,2026-08-28 09:14
wide,alloff,ablation,alloff,5,0.12,0.273815720978657,0.1299496284966812,0.4740783265682605,0.5066357869495677,0.1291084914371014,0.1291084914371014,0.0492748995160981,0.0492748995160981,39.74763144195718,29.01,6.6162574432207455,result.json,False,ablation_classic_wide_20260819_025429,2026-08-19 06:54
wide,alloff,ablation,alloff,7,0.0,0.0383064516129032,0.1219300881866545,0.4240015406824778,0.4164013352581475,0.1219069204841836,0.1219069204841836,0.7339045335271533,0.7339045335271533,0.0766129032258064,30.76,6.413200091134679,result_reeval.json,True,ablation_classic_wide_20260608_114130,2026-06-09 14:21
wide,alloff,ablation,alloff,9,0.0333333333333333,0.1028331584470094,0.1215453180139714,0.4692957504235282,0.4520459903331756,0.1216994399889428,0.1216994399889428,0.6382557449778937,0.6382557449778937,0.2056663168940188,58.59,13.057404328946458,result.json,False,ablation_classic_wide_20260819_085528,2026-08-19 16:51
wide,alloff,ablation,alloff,11,0.0533333333333333,0.1605839416058394,0.1187574120626385,0.4845267468772801,0.4751525364805194,0.1181516774427783,0.1181516774427783,0.5280620090082809,0.5280620090082809,0.4100567721005653,53.62,13.116065656396795,result.json,False,ablation_classic_wide_20260819_085532,2026-08-19 16:14
wide,alloff,ablation,alloff,13,0.0933333333333333,0.2080727686185332,0.1127121587458098,0.4616727172551535,0.4616705390432983,0.1127121587458098,0.1127121587458098,0.3892729903586965,0.3892729903586965,15.438367759459236,12.38,2.727637148877704,result.json,False,ablation_classic_wide_20260819_161954,2026-08-19 22:01
wide,alloff,ablation,alloff,15,0.0466666666666666,0.1732161323681489,0.1358101704251394,0.485403408270016,0.4806673101299427,0.1362654449032143,0.1362654449032143,0.6313611727006019,0.6313611727006019,0.3464322647362978,115.11,26.131997870081754,result.json,False,ablation_classic_wide_20260819_224144,2026-08-20 12:21
wide,alloff,ablation,alloff,19,0.0666666666666666,0.1883008356545961,0.1176549811617459,0.4448483651124454,0.4645312325090466,0.1172386698729488,0.1172386698729488,0.4611447194665879,0.4611447194665879,2.5988238935313985,111.15,27.229175420840164,result.json,False,ablation_classic_wide_20260819_224152,2026-08-20 11:26
wide,alloff,ablation,alloff,42,0.02,0.0826750921537651,0.1308973959949023,0.4384227780638559,0.4314294965327875,0.130884340296728,0.130884340296728,0.6953066742961335,0.6953066742961335,0.1653501843075303,29.37,6.397752542702094,result.json,False,main_comparison_20260824_203442,2026-08-28 09:01
wide,fwdonly,ablation,fwdonly,1,0.0133333333333333,0.0802879291251384,0.1167926432354491,0.3919639091028482,0.398916350313059,0.1167926432354491,0.1167926432354491,0.7095926785777453,0.7095926785777453,0.1605758582502768,28.9,6.531159565728396,result.json,False,main_comparison_20260824_203442,2026-08-28 07:31
wide,fwdonly,ablation,fwdonly,3,0.06,0.1904481132075471,0.1325999751632991,0.4839337110467681,0.4774695448528567,0.1324961176395871,0.1324961176395871,0.5263021709929343,0.5263021709929343,1.180896226415085,26.28,6.41609194367531,result.json,False,main_comparison_20260824_203442,2026-08-28 08:22
wide,fwdonly,ablation,fwdonly,5,0.1133333333333333,0.2488287350338365,0.1295481997236696,0.4645068933327465,0.5028356311109152,0.1295481997236696,0.1295481997236696,0.2673365964372491,0.2673365964372491,32.58654635895645,30.64,6.683096598829256,result.json,False,ablation_classic_wide_20260819_025429,2026-08-19 06:24
wide,fwdonly,ablation,fwdonly,7,0.0,0.0241935483870967,0.1190350947515051,0.4019339231858339,0.3979125426643005,0.1190350947515051,0.1190350947515051,0.734984043765068,0.734984043765068,0.0483870967741935,31.36,6.416327072493369,result_reeval.json,True,ablation_classic_wide_20260608_114130,2026-06-09 11:58
wide,fwdonly,ablation,fwdonly,9,0.02,0.0802728226652675,0.1198413470627818,0.4463530096631231,0.4373365281170234,0.1198413470627818,0.1198413470627818,0.6957781195558916,0.6957781195558916,0.1605456453305351,59.65,13.135963291714305,result.json,False,ablation_classic_wide_20260819_085528,2026-08-19 15:52
wide,fwdonly,ablation,fwdonly,11,0.0533333333333333,0.1268950028074115,0.1159241311380072,0.465921464006427,0.4582660719510797,0.1152660944011623,0.1152660944011623,0.5322399930247527,0.5322399930247527,0.3426788945037096,54.84,13.12478669808262,result.json,False,ablation_classic_wide_20260819_085532,2026-08-19 15:20
wide,fwdonly,ablation,fwdonly,13,0.08,0.145537237066515,0.1092358900624334,0.4355162877530441,0.4341624872773336,0.109128881897496,0.109128881897496,0.4328063850944277,0.4328063850944277,7.491074474132995,15.91,3.513133448439012,result.json,False,ablation_classic_wide_20260819_161954,2026-08-19 21:49
wide,fwdonly,ablation,fwdonly,15,0.0466666666666666,0.1628748707342295,0.1330367746080036,0.466323764166521,0.4656785753554661,0.1325656072421881,0.1325656072421881,0.6108735243066227,0.6108735243066227,0.3257497414684591,124.59,27.76339332606177,result.json,False,ablation_classic_wide_20260819_224144,2026-08-20 10:25
wide,fwdonly,ablation,fwdonly,19,0.04,0.132033426183844,0.1162724177234749,0.4382558403934595,0.4435728888402316,0.1154361662680921,0.1154361662680921,0.6363557188709581,0.6363557188709581,0.264066852367688,118.19,28.228278955383715,result.json,False,ablation_classic_wide_20260819_224152,2026-08-20 09:34
wide,fwdonly,ablation,fwdonly,42,0.0133333333333333,0.0573986308583465,0.1276496224000094,0.4228747428744656,0.4238064335395154,0.1276501977467986,0.1276501977467986,0.7112931347996332,0.7112931347996332,0.114797261716693,30.33,6.512635850023894,result.json,False,main_comparison_20260824_203442,2026-08-28 08:01
wide,noappcredit,ablation,noappcredit,1,0.0,0.0603543743078626,0.1171352388781897,0.4012211663625297,0.4017998186232758,0.1170880107298062,0.1170880107298062,0.7322875514300567,0.7322875514300567,0.1207087486157253,33.69,7.682874370901692,result.json,False,main_comparison_20260824_203442,2026-08-28 06:28
wide,noappcredit,ablation,noappcredit,3,0.0533333333333333,0.1751179245283018,0.1333765377001681,0.473262625088603,0.4692705717174658,0.1333765377001681,0.1333765377001681,0.5841354723320925,0.5841354723320925,0.4391247379454902,31.04,7.597049090702666,result.json,False,main_comparison_20260824_203442,2026-08-28 07:25
wide,noappcredit,ablation,noappcredit,5,0.1,0.2431025507548152,0.1286393585318524,0.4938667214132655,0.5077706841855781,0.1287089381706638,0.1287089381706638,0.3467460880673095,0.3467460880673095,20.486205101509565,35.61,7.843288105977495,result.json,False,main_comparison_20260821_155727,2026-08-21 21:04
wide,noappcredit,ablation,noappcredit,7,0.0,0.0226814516129032,0.1191562749307533,0.3924915314296531,0.3922919830867383,0.1190410816618817,0.1190410816618817,0.734984043765068,0.734984043765068,0.0453629032258064,37.92,7.848915415483506,result.json,False,main_comparison_20260821_155727,2026-08-21 21:42
wide,noappcredit,ablation,noappcredit,9,0.0133333333333333,0.0687303252885624,0.1195434096280419,0.4371759816750081,0.4288003573295071,0.1195669613134873,0.1195669613134873,0.7225134112010505,0.7225134112010505,0.1374606505771248,70.79,15.608663777295046,result.json,False,ablation_classic_wide_20260819_085528,2026-08-19 13:40
wide,noappcredit,ablation,noappcredit,11,0.0466666666666666,0.1297024143739472,0.1159208661762399,0.4613609512255953,0.4596800817925517,0.1158106114607869,0.1158106114607869,0.5881098714250365,0.5881098714250365,0.2594048287478944,65.53,15.648292665302616,result.json,False,ablation_classic_wide_20260819_085532,2026-08-19 13:19
wide,noappcredit,ablation,noappcredit,13,0.04,0.1279135872654917,0.111111551975291,0.4381923765003853,0.4324205678669749,0.1111453532199087,0.1111453532199087,0.6574826726113201,0.6574826726113201,0.2558271745309835,72.13,17.545092905721948,result.json,False,ablation_classic_wide_20260819_161954,2026-08-19 20:40
wide,noappcredit,ablation,noappcredit,15,0.0266666666666666,0.1137538779731127,0.1345653954049115,0.473179648907176,0.4623833589162609,0.1344651625882573,0.1344651625882573,0.6766208818131457,0.6766208818131457,0.2275077559462254,107.82,24.01352069446741,result.json,False,ablation_classic_wide_20260819_224144,2026-08-20 05:54
wide,noappcredit,ablation,noappcredit,19,0.0333333333333333,0.1142061281337047,0.1156654947561253,0.4385279404139625,0.4411753131256504,0.1148196418097932,0.1148196418097932,0.6143119662921631,0.6143119662921631,0.2284122562674094,95.77,22.874706972029973,result.json,False,ablation_classic_wide_20260819_224152,2026-08-20 05:25
wide,noappcredit,ablation,noappcredit,42,0.0066666666666666,0.0537124802527646,0.1275111010410689,0.4227225742361998,0.4229351339741546,0.127577646392706,0.127577646392706,0.7232132310468059,0.7232132310468059,0.1074249605055292,17.83,3.523892984294777,result.json,False,main_comparison_20260824_203442,2026-08-28 05:19
wide,nocp,ablation,nocp,1,0.0133333333333333,0.0819490586932447,0.1171697818867089,0.4064629155115351,0.4060247740065869,0.1171180284484746,0.1171180284484746,0.7096751403238736,0.7096751403238736,0.1638981173864895,34.23,7.834843714592719,result.json,False,main_comparison_20260824_203442,2026-08-28 05:54
wide,nocp,ablation,nocp,3,0.0733333333333333,0.2040094339622641,0.1321652414323972,0.4557217637729066,0.4727275485531198,0.1335678123942618,0.1335678123942618,0.5828521799010249,0.5828521799010249,4.763574423480061,31.58,7.737907588961134,result_reeval.json (ablation_classic_wide_20260608_114130),True,main_comparison_20260824_203442,2026-08-28 06:54
wide,nocp,ablation,nocp,5,0.1266666666666666,0.2654867256637168,0.1276460427951814,0.4633364030297808,0.5067342542422674,0.1277015186969062,0.1277015186969062,0.1819341033556218,0.1819341033556218,47.55319567354954,35.86,7.926291341960399,result.json,False,main_comparison_20260821_155727,2026-08-21 22:18
wide,nocp,ablation,nocp,7,0.0066666666666666,0.032258064516129,0.1190438527649636,0.4147512927918608,0.4128728474165663,0.1190870109198517,0.1190870109198517,0.7247804958449096,0.7247804958449096,0.064516129032258,38.32,7.928524901253272,result.json,False,main_comparison_20260821_155727,2026-08-21 22:57
wide,nocp,ablation,nocp,9,0.0066666666666666,0.0876180482686253,0.1201873475191504,0.4606492216403191,0.4499947002674597,0.1201873475191504,0.1201873475191504,0.7207785436137065,0.7207785436137065,0.1752360965372507,70.85,15.631325137216132,result.json,False,ablation_classic_wide_20260819_085528,2026-08-19 14:52
wide,nocp,ablation,nocp,11,0.0466666666666666,0.1420550252667041,0.1161215498602328,0.4661866832520117,0.4676577888346744,0.1164107450551225,0.1164107450551225,0.6124356145463398,0.6124356145463398,0.2841100505334082,65.58,15.66906235836568,result.json,False,ablation_classic_wide_20260819_085532,2026-08-19 14:25
wide,nocp,ablation,nocp,13,0.08,0.1631608868675383,0.1092789801105995,0.4474107295285678,0.4466494162448545,0.1092789801105995,0.1092789801105995,0.4652225074605086,0.4652225074605086,7.526321773735042,52.32,12.781987253645932,result.json,False,ablation_classic_wide_20260819_161954,2026-08-19 21:33
wide,nocp,ablation,nocp,15,0.06,0.1742502585315408,0.1330072401232396,0.4787255214199777,0.4723601496614531,0.1330072401232396,0.1330072401232396,0.5569465366168389,0.5569465366168389,1.1485005170630724,144.37,32.287528788441335,result.json,False,ablation_classic_wide_20260819_224144,2026-08-20 08:19
wide,nocp,ablation,nocp,19,0.0533333333333333,0.1899721448467966,0.112546451213178,0.4406545647613301,0.4650581953329309,0.112546451213178,0.112546451213178,0.5826656995077597,0.5826656995077597,0.4688331785824798,129.06,30.810807298983505,result.json,False,ablation_classic_wide_20260819_224152,2026-08-20 07:35
wide,nocp,ablation,nocp,42,0.0133333333333333,0.0642443391258557,0.1272316368394108,0.4261921015704058,0.4337982774028957,0.1273827421758348,0.1273827421758348,0.7227230951813715,0.7227230951813715,0.1284886782517114,17.43,3.4311979057509374,result.json,False,main_comparison_20260824_203442,2026-08-28 05:00
wide,noguidece,ablation,noguidece,1,0.02,0.1007751937984496,0.1162500632949335,0.4049219103282386,0.4147364870669673,0.1162500632949335,0.1162500632949335,0.694188168573365,0.694188168573365,0.2015503875968992,33.34,7.616055376847177,result.json,False,main_comparison_20260824_203442,2026-08-28 05:51
wide,noguidece,ablation,noguidece,3,0.0466666666666666,0.1745283018867924,0.1338184250233156,0.4832998330126632,0.4726465664742645,0.1338184250233156,0.1338184250233156,0.6094354820015391,0.6094354820015391,0.3490566037735849,31.03,7.672307218127202,result.json,False,main_comparison_20260824_203442,2026-08-28 06:22
wide,noguidece,ablation,noguidece,5,0.0666666666666666,0.2222800624674648,0.1316528819707758,0.4685780536118127,0.5064495623927984,0.1316528819707758,0.1316528819707758,0.5225198910066319,0.5225198910066319,2.666782347157136,43.96,9.644487880918309,result.json,False,main_comparison_20260821_155727,2026-08-21 17:44
wide,noguidece,ablation,noguidece,7,0.0,0.0277217741935483,0.1189389618031236,0.4057518969058432,0.4057584118200424,0.1189389618031236,0.1189389618031236,0.7347406081801773,0.7347406081801773,0.0554435483870967,62.29,13.077629723506808,result.json,False,main_comparison_20260821_155727,2026-08-21 18:47
wide,noguidece,ablation,noguidece,9,0.0066666666666666,0.0891920251836306,0.1206641330907187,0.4511541938348644,0.4421182454057509,0.1206641330907187,0.1206641330907187,0.7206650850474491,0.7206650850474491,0.1783840503672613,70.98,15.621199626222426,result.json,False,ablation_classic_wide_20260819_085528,2026-08-19 11:18
wide,noguidece,ablation,noguidece,11,0.0466666666666666,0.1252105558674901,0.1175604039707955,0.458727436177279,0.4581504207143078,0.1175604039707955,0.1175604039707955,0.6140646120088973,0.6140646120088973,0.2504211117349803,65.57,15.63775195316092,result.json,False,ablation_classic_wide_20260819_085532,2026-08-19 11:07
wide,noguidece,ablation,noguidece,13,0.0333333333333333,0.1335986355884025,0.1122191773486723,0.4370011965044884,0.4381409811336805,0.1122191773486723,0.1122191773486723,0.6569498072985215,0.6569498072985215,0.267197271176805,63.22,15.208738072495748,result.json,False,ablation_classic_wide_20260819_161954,2026-08-19 18:24
wide,noguidece,ablation,noguidece,15,0.0333333333333333,0.1639089968976215,0.1331470196100999,0.4782933756503795,0.4729532703988995,0.1331470196100999,0.1331470196100999,0.6543577445632841,0.6543577445632841,0.327817993795243,110.75,24.602588692941467,result.json,False,ablation_classic_wide_20260819_224144,2026-08-20 02:25
wide,noguidece,ablation,noguidece,19,0.0333333333333333,0.1314763231197771,0.1165900047676487,0.4291801498899582,0.4432326492482341,0.1165900047676487,0.1165900047676487,0.6571307232133069,0.6571307232133069,0.2629526462395543,105.07,25.02131891743713,result.json,False,ablation_classic_wide_20260819_224152,2026-08-20 02:12
wide,noguidece,ablation,noguidece,42,0.0133333333333333,0.0542390731964191,0.1273349146634188,0.4307272447861953,0.4297781570437598,0.1273349146634188,0.1273349146634188,0.7115272085173489,0.7115272085173489,0.1084781463928383,17.43,3.4296891844038515,result.json,False,main_comparison_20260824_203442,2026-08-28 04:43
wide,noshield,ablation,noshield,1,0.0266666666666666,0.101328903654485,0.1182652234508233,0.4119943413967167,0.4204887310026629,0.1193467890953212,0.1193467890953212,0.7079807856522474,0.7079807856522474,0.2026578073089701,33.58,7.747936928761777,result.json,False,main_comparison_20260824_203442,2026-08-28 07:02
wide,noshield,ablation,noshield,3,0.06,0.2158018867924528,0.1350203436340041,0.5046566913986729,0.4853283456993364,0.1350212222187856,0.1350212222187856,0.5526322033501735,0.5526322033501735,1.2316037735848964,30.5,7.54825623701629,result.json,False,main_comparison_20260824_203442,2026-08-28 07:56
wide,noshield,ablation,noshield,5,0.1333333333333333,0.2785007808433107,0.1276656042400428,0.4552378889108631,0.5044697807471862,0.1277973053833888,0.1277973053833888,0.1373343016625005,0.1373343016625005,56.11255711724201,56.58,13.025164041378046,result.json,False,main_comparison_20260821_155727,2026-08-21 19:44
wide,noshield,ablation,noshield,7,0.0,0.0352822580645161,0.1207285941260093,0.4108054036543879,0.4050420885491947,0.1214225873322815,0.1214225873322815,0.7340091647279096,0.7340091647279096,0.0705645161290322,44.02,9.234670681533329,result.json,False,main_comparison_20260821_155727,2026-08-21 20:28
wide,noshield,ablation,noshield,9,0.0266666666666666,0.0886673662119622,0.1212468782800913,0.4582357923193944,0.4423886338555156,0.1212468782800913,0.1212468782800913,0.6790740730992125,0.6790740730992125,0.1773347324239244,70.37,15.660428052283818,result.json,False,ablation_classic_wide_20260819_085528,2026-08-19 12:29
wide,noshield,ablation,noshield,11,0.0466666666666666,0.1471083660864682,0.1183917088976829,0.4783652268280037,0.4728082376089892,0.1184050533970324,0.1184050533970324,0.6351087386483344,0.6351087386483344,0.2942167321729365,65.19,15.661179868765188,result.json,False,ablation_classic_wide_20260819_085532,2026-08-19 12:13
wide,noshield,ablation,noshield,13,0.0866666666666666,0.1944286526435474,0.1117415620353065,0.4629532918225599,0.4585885498271905,0.1117444989134179,0.1117444989134179,0.3913692224788315,0.3913692224788315,11.144412860842609,63.19,15.699960458774465,result.json,False,ablation_classic_wide_20260819_161954,2026-08-19 19:27
wide,noshield,ablation,noshield,15,0.0466666666666666,0.1737331954498449,0.1351842160404583,0.4896939020848721,0.4792850485703575,0.1351838577366838,0.1351838577366838,0.5844765853390914,0.5844765853390914,0.3474663908996898,99.28,22.40727831704821,result.json,False,ablation_classic_wide_20260819_224144,2026-08-20 04:05
wide,noshield,ablation,noshield,19,0.06,0.1860724233983287,0.1158882242131434,0.4318613950174697,0.4545448245786626,0.1162696989100982,0.1162696989100982,0.495673018094474,0.495673018094474,1.1721448467966482,96.17,23.241154371863924,result.json,False,ablation_classic_wide_20260819_224152,2026-08-20 03:49
wide,noshield,ablation,noshield,42,0.0133333333333333,0.0668773038441284,0.1289159950826885,0.4336561045414661,0.4286109165723276,0.1289879918750813,0.1289879918750813,0.7102769904007564,0.7102769904007564,0.1337546076882569,35.27,7.724899910364961,result.json,False,main_comparison_20260824_203442,2026-08-28 05:54
wide,DGMA_adapt,ext_rl,DGMA_adapt,1,0.0133333333333333,0.1002214839424141,0.1188572925150498,0.4221741123488472,0.4246871172947367,0.1184835305631052,0.1184835305631052,0.6938437554186354,0.6938437554186354,2.422665190107035,151.84,0.0,result.json,False,main_comparison_20260824_203442,2026-08-28 13:55
wide,DGMA_adapt,ext_rl,DGMA_adapt,3,0.08,0.2004716981132075,0.1348341866393581,0.498659223742712,0.4822491652959186,0.1344379758112432,0.1344379758112432,0.4250642277789145,0.4250642277789145,980.4009433962244,139.09,0.0,result.json,False,main_comparison_20260824_203442,2026-08-28 13:56
wide,DGMA_adapt,ext_rl,DGMA_adapt,5,0.1333333333333333,0.2889120249869859,0.1290350196322614,0.4840312790901953,0.502438344193673,0.1292179338756436,0.1292179338756436,0.1788368206406652,0.1788368206406652,3042.8000462721907,274.76,0.0,result.json,False,main_comparison_20260822_012543,2026-08-28 19:02
wide,DGMA_adapt,ext_rl,DGMA_adapt,7,0.0,0.0448588709677419,0.1207803996106983,0.4123801082211065,0.4085294271249591,0.1218298123934073,0.1218298123934073,0.7339394144648179,0.7339394144648179,0.0897177419354838,303.19,0.0,result.json,False,main_comparison_20260822_012543,2026-08-28 19:02
wide,DGMA_adapt,ext_rl,DGMA_adapt,42,0.02,0.0879410215903106,0.1306093894041157,0.4301513682351124,0.4277251310743596,0.1306785997184491,0.1306785997184491,0.6952250620733997,0.6952250620733997,20.17588204318055,141.71,0.0,result.json,False,main_comparison_20260824_203442,2026-08-28 13:56
wide,DGMA_paper,ext_rl,DGMA_paper,1,0.8866666666666667,0.8388704318936877,35.61698860276896,0.4101160403557634,0.4865689190424337,0.1644976833166981,0.1644976833166981,-0.4672902963886984,-0.4672902963886984,-0.7050190587508842,195.91,0.0,result.json,False,main_comparison_20260824_203442,2026-08-28 13:57
wide,DGMA_paper,ext_rl,DGMA_paper,3,1.0,0.9009433962264152,36.5737280988108,0.4670151734904617,0.5039482851723157,0.232315747015335,0.232315747015335,-0.6275866003215337,-0.6275866003215337,-0.7418231259378799,172.86,0.0,result.json,False,main_comparison_20260824_203442,2026-08-28 13:57
wide,DGMA_paper,ext_rl,DGMA_paper,5,1.0,0.9515877147319104,37.81579299440477,0.3403258078674338,0.5214840430862625,0.224321762436213,0.224321762436213,-0.6744733035751008,-0.6744733035751008,-0.7452201180171836,188.71,0.0,result.json,False,main_comparison_20260822_012543,2026-08-28 19:04
wide,DGMA_paper,ext_rl,DGMA_paper,7,0.8133333333333334,0.8014112903225806,36.32067599557951,0.3734144768400887,0.5099251759856149,0.2215875134117697,0.2215875134117697,-0.5497079509334931,-0.5497079509334931,-0.6791806564785953,320.93,0.0,result.json,False,main_comparison_20260822_012543,2026-08-28 19:04
wide,DGMA_paper,ext_rl,DGMA_paper,42,0.9266666666666666,0.833070036861506,36.60339345691528,0.4079422964946871,0.5033080746089015,0.2060671671212139,0.2060671671212139,-0.5535739256150092,-0.5535739256150092,-0.7164635523632693,181.73,0.0,result.json,False,main_comparison_20260824_203442,2026-08-28 13:57
wide,GATDQN,ext_rl,GATDQN,1,0.0733333333333333,0.2192691029900332,0.1346962900297302,0.412823575672193,0.4248965082133836,0.1189760158778653,0.1189760158778653,0.6567741069945878,0.6567741069945878,802.7026790714606,20.02,0.0,result.json,False,main_comparison_20260824_203442,2026-08-28 13:55
wide,GATDQN,ext_rl,GATDQN,3,0.3133333333333333,0.3856132075471698,0.1580145543211367,0.4143902100275274,0.480113808943243,0.2006277464273705,0.2006277464273705,-0.425671122206844,-0.425671122206844,18403.168458266293,16.86,0.0,result.json,False,main_comparison_20260824_203442,2026-08-28 13:55
wide,GATDQN,ext_rl,GATDQN,5,0.1266666666666666,0.247787610619469,0.1370531916585234,0.3572192317504404,0.5117440257783944,0.1248581072077439,0.1248581072077439,-0.0894693016099337,-0.0894693016099337,2722.81807230586,23.84,0.0,result.json,False,main_comparison_20260822_012543,2026-08-28 19:08
wide,GATDQN,ext_rl,GATDQN,7,0.0533333333333333,0.1809475806451612,0.148401131886962,0.4188841576734962,0.4131219201635602,0.121944738985781,0.121944738985781,0.7341137610956378,0.7341137610956378,375.9254345173589,29.16,0.0,result.json,False,main_comparison_20260822_012543,2026-08-28 19:08
wide,GATDQN,ext_rl,GATDQN,42,0.12,0.2511848341232227,0.1497935109182745,0.4353241820966949,0.4502108838461769,0.1329598997133781,0.1329598997133781,0.4687949485522584,0.4687949485522584,2420.619073193163,22.99,0.0,result.json,False,main_comparison_20260824_203442,2026-08-28 13:55
wide,PPO,ext_rl,PPO,1,0.14,0.2912513842746401,0.1783091544013435,0.4044384114680292,0.5022509670153105,0.0842382344135443,0.0842382344135443,-0.6100910912833347,-0.6100910912833347,-1.0,11.14,0.0,result.json,False,main_comparison_20260824_203442,2026-08-28 13:55
wide,PPO,ext_rl,PPO,3,0.4533333333333333,0.5536556603773585,0.1852073352853712,0.300580148272232,0.503097607907852,0.1526554027426081,0.1526554027426081,-0.6261663902879289,-0.6261663902879289,-1.0,8.94,0.0,result.json,False,main_comparison_20260824_203442,2026-08-28 13:55
wide,PPO,ext_rl,PPO,5,0.5933333333333334,0.6892243623112962,0.1684035711388499,0.3399884273504129,0.500464197834754,0.1332094664257598,0.1332094664257598,-0.2216104410787055,-0.2216104410787055,-1.0,23.99,0.0,result.json,False,main_comparison_20260822_012543,2026-08-28 19:09
wide,PPO,ext_rl,PPO,7,0.0866666666666666,0.2842741935483871,0.180798515126847,0.3759332725308505,0.5395457769670774,0.0671548169801246,0.0671548169801246,-0.6913632185446922,-0.6913632185446922,-1.0,35.13,0.0,result.json,False,main_comparison_20260822_012543,2026-08-28 19:09
wide,PPO,ext_rl,PPO,42,0.1133333333333333,0.3380726698262243,0.1867062465079143,0.4415770333898914,0.516694622003393,0.233727828800594,0.233727828800594,-0.6579308720798458,-0.6579308720798458,-1.0,18.86,0.0,result.json,False,main_comparison_20260824_203442,2026-08-28 13:55
wide,TransEdgeStyle,ext_rl,TransEdgeStyle,1,0.0866666666666666,0.2043189368770764,0.1336423095371606,0.4189965980303194,0.4306840131303157,0.1179611615270281,0.1179611615270281,0.6762955141653035,0.6762955141653035,1175.9641934293072,27.27,0.0,result.json,False,main_comparison_20260824_203442,2026-08-28 13:55
wide,TransEdgeStyle,ext_rl,TransEdgeStyle,3,0.0933333333333333,0.2116745283018868,0.1242662969520247,0.4747277403847854,0.4865856509616095,0.1357718274386012,0.1357718274386012,0.3859580091987157,0.3859580091987157,1389.3122379454896,25.86,0.0,result.json,False,main_comparison_20260824_203442,2026-08-28 13:56
wide,TransEdgeStyle,ext_rl,TransEdgeStyle,5,0.14,0.2977615825091098,0.1380004934795412,0.4617181720041858,0.509669633681144,0.1292390505847922,0.1292390505847922,0.1347285631468262,0.1347285631468262,3380.5955231650128,47.79,0.0,result.json,False,main_comparison_20260822_012543,2026-08-28 19:06
wide,TransEdgeStyle,ext_rl,TransEdgeStyle,7,0.0466666666666666,0.158266129032258,0.1473725075482649,0.4287633990745841,0.4225365232041422,0.1216567580631215,0.1216567580631215,0.711475330287631,0.711475330287631,269.2054211469528,51.82,0.0,result.json,False,main_comparison_20260822_012543,2026-08-28 19:06
wide,TransEdgeStyle,ext_rl,TransEdgeStyle,42,0.0333333333333333,0.1574512901527119,0.1439549226917922,0.4324566904490111,0.4358986856925422,0.1297554936308816,0.1297554936308816,0.6603354657802875,0.6603354657802875,109.20379146919404,18.31,0.0,result.json,False,main_comparison_20260824_203442,2026-08-28 13:56
wide,Edge-only,heuristic,Edge-only,1,0.44,0.5476190476190477,0.1472371205084517,0.3194363880013327,0.4621454626671106,0.1323511058479233,0.1323511058479233,-0.4305092300678669,-0.4305092300678669,-0.5116434045668196,,,result.json,False,main_comparison_20260824_203442,2026-08-28 14:02
wide,Edge-only,heuristic,Edge-only,3,0.5466666666666666,0.6550707547169812,0.1166607439337368,0.3624241358251847,0.4929858386873674,0.1235766303147937,0.1235766303147937,-0.568608864104681,-0.568608864104681,-0.5730548419890519,,,result.json,False,main_comparison_20260824_203442,2026-08-28 14:02
wide,Edge-only,heuristic,Edge-only,5,0.7,0.7777199375325351,0.114030717035521,1.1,0.530066666666666,0.1084687571857872,0.1084687571857872,-0.655547217270741,-0.6351973972523646,-0.6476103349464031,,,result.json,False,main_comparison_20260822_012543,2026-08-28 19:09
wide,Edge-only,heuristic,Edge-only,7,0.4266666666666667,0.5841733870967742,0.1548822715862464,0.2839849522677986,0.4728466120129493,0.1443123184491219,0.1443123184491219,-0.4077161421484505,-0.4077161421484505,-0.5055438122436552,,,result.json,False,main_comparison_20260822_012543,2026-08-28 19:09
wide,Edge-only,heuristic,Edge-only,42,0.3866666666666666,0.5718799368088467,0.1499031235438664,0.30742278688647,0.4860570808747325,0.1469759117382401,0.1469759117382401,-0.4410948015090529,-0.4410948015090529,-0.490892716025788,,,result.json,False,main_comparison_20260824_203442,2026-08-28 14:02
wide,Genetic,heuristic,Genetic,1,0.1,0.2663344407530454,0.1590453005172773,0.3530533708290691,0.42966713485841,0.1438985611659039,0.1438985611659039,0.4269782305236081,0.4269782305236081,0.3400943257998265,,,result.json,False,main_comparison_20260824_203442,2026-08-28 13:54
wide,Genetic,heuristic,Genetic,3,0.1266666666666666,0.289504716981132,0.1439382279352073,0.4108233280568218,0.4712736422634864,0.1533544491911066,0.1533544491911066,-0.1284270610481902,-0.1284270610481902,0.1682051873814615,,,result.json,False,main_comparison_20260824_203442,2026-08-28 13:55
wide,Genetic,heuristic,Genetic,5,0.2933333333333333,0.38365434669443,0.1523130843063931,0.393125670710815,0.5107376296707571,0.148735176596825,0.148735176596825,-0.4030845171577047,-0.4030845171577047,-0.422502346332687,,,result.json,False,main_comparison_20260822_012543,2026-08-28 19:09
wide,Genetic,heuristic,Genetic,7,0.1666666666666666,0.3578629032258064,0.170841468655169,0.3465848280527552,0.4552370577667445,0.1505339906661932,0.1505339906661932,0.1779587797732973,0.1779587797732973,-0.098309383288075,,,result.json,False,main_comparison_20260822_012543,2026-08-28 19:09
wide,Genetic,heuristic,Genetic,42,0.1666666666666666,0.3396524486571879,0.1652743117335042,0.3333863731827389,0.461695308185345,0.1545020429194853,0.1545020429194853,-0.1282682958774907,-0.1282682958774907,-0.0933739155625449,,,result.json,False,main_comparison_20260824_203442,2026-08-28 13:55
wide,Greedy,heuristic,Greedy,1,0.4266666666666667,0.5570321151716501,0.1029593280709982,0.3166531969488817,0.44699434271853,0.0965587243424062,0.0965587243424062,-0.4085452673467611,-0.4085452673467611,-0.5072113774069927,,,result.json,False,main_comparison_20260824_203442,2026-08-28 13:55
wide,Greedy,heuristic,Greedy,3,0.52,0.6273584905660378,0.0852276932008015,0.3221487381381706,0.4864534395315373,0.089878644359276,0.089878644359276,-0.5543702346873626,-0.5543702346873626,-0.5577251782656691,,,result.json,False,main_comparison_20260824_203442,2026-08-28 13:55
wide,Greedy,heuristic,Greedy,5,0.6733333333333333,0.7641853201457575,0.0855190658528823,1.1,0.530066666666666,0.0800060743713297,0.0800060743713297,-0.6423793649829277,-0.6214294952592992,-0.6369616870557253,,,result.json,False,main_comparison_20260822_012543,2026-08-28 19:09
wide,Greedy,heuristic,Greedy,7,0.3933333333333333,0.5841733870967742,0.1137663188881965,0.3080529157927577,0.4654801440016633,0.1035001627679026,0.1035001627679026,-0.3872548612336286,-0.3872548612336286,-0.4902531522326503,,,result.json,False,main_comparison_20260822_012543,2026-08-28 19:09
wide,Greedy,heuristic,Greedy,42,0.3533333333333333,0.5587151132174829,0.1105058973127978,0.2926851923720919,0.4727666692539524,0.1039435072865594,0.1039435072865594,-0.4321497797340307,-0.4321497797340307,-0.4710648142867998,,,result.json,False,main_comparison_20260824_203442,2026-08-28 13:55
wide,HybridPSOGA,heuristic,HybridPSOGA,1,0.06666666666666667,0.30841638981173863,0.1222163244151173,0.3339616782042062,0.4280839290678285,0.1222163244151173,0.1222163244151173,0.6471802107502559,0.6471802107502559,,,,result_reeval.json,True,HybridPSOGA_rerun_20260831,2026-09-03 18:06
wide,HybridPSOGA,heuristic,HybridPSOGA,3,0.33333333333333326,0.49233490566037735,0.12770856803189043,0.3207805693337024,0.47897172525341425,0.12770856803189043,0.12770856803189043,-0.441304978501047,-0.441304978501047,,,,result_reeval.json,True,HybridPSOGA_rerun_20260831,2026-09-03 18:06
wide,HybridPSOGA,heuristic,HybridPSOGA,5,0.5133333333333333,0.6106194690265486,0.1347212774782123,0.4001288898606669,0.524009451923115,0.1347212774782123,0.1347212774782123,-0.5367598348485247,-0.5367598348485247,,,,result_reeval.json,True,HybridPSOGA_rerun_20260831,2026-09-03 18:06
wide,HybridPSOGA,heuristic,HybridPSOGA,7,0.08,0.3482862903225806,0.12412923879288976,0.2930585020771962,0.44050726453810685,0.12412923879288976,0.12412923879288976,0.6015594943618963,0.6015594943618963,,,,result_reeval.json,True,HybridPSOGA_rerun_20260831,2026-09-03 18:06
wide,HybridPSOGA,heuristic,HybridPSOGA,42,0.06,0.3459715639810427,0.13644199678545368,0.3297060155510479,0.4541647822492668,0.13644199678545368,0.13644199678545368,0.6613532002646177,0.6613532002646177,,,,result_reeval.json,True,HybridPSOGA_rerun_20260831,2026-09-03 18:06
wide,Local-only,heuristic,Local-only,1,0.9533333333333334,0.8831672203765227,0.2446458610904041,1.1,0.5233999999999994,0.2367292115942664,0.2367292115942664,-0.7127726445117526,-0.6951811554247703,-0.7349275176326464,,,result.json,False,main_comparison_20260824_203442,2026-08-28 14:02
wide,Local-only,heuristic,Local-only,3,0.9333333333333332,0.9015330188679244,0.2503149156987744,1.1,0.5120666666666664,0.2409137248709866,0.2409137248709866,-0.7487542357302525,-0.7330229668300845,-0.7306468901028083,,,result.json,False,main_comparison_20260824_203442,2026-08-28 14:02
wide,Local-only,heuristic,Local-only,5,1.0,0.9380530973451328,0.2716500492753667,1.1,0.530066666666666,0.2521052866293651,0.2521052866293651,-0.7520345905341025,-0.7364777637489823,-0.7511512381213838,,,result.json,False,main_comparison_20260822_012543,2026-08-28 19:09
wide,Local-only,heuristic,Local-only,7,0.94,0.8674395161290323,0.261416336303366,1.1,0.541066666666666,0.2414971401657292,0.2414971401657292,-0.6874451194669488,-0.668602560710135,-0.7301271586263156,,,result.json,False,main_comparison_20260822_012543,2026-08-28 19:09
wide,Local-only,heuristic,Local-only,42,0.9466666666666668,0.8646656134807793,0.2416316149992789,1.1,0.527066666666666,0.2425941340227439,0.2425941340227439,-0.7238126941403186,-0.706781607607672,-0.7317961652620371,,,result.json,False,main_comparison_20260824_203442,2026-08-28 14:02
