dag,reviewer,param_key,param_val,is_default,seed,app_timeout_rate,delay_succ,delay_all,UtilityScore_all,UtilityScore_succ,energy
chain,R1-6,LAMBDA_GUIDE,0,False,1,0.12,1.3953593046204136,1.3674421335423175,0.10491591279745845,0.10250746424696161,0.2089078394813462
chain,R1-6,LAMBDA_GUIDE,0p05,False,1,0.1,1.3666276664688926,1.3495021331751145,0.27721360125840466,0.27583429742352666,0.20899553436709353
chain,R1-6,LAMBDA_GUIDE,0p1,False,1,0.08,1.372157480045361,1.3510305509690175,0.1948971383999489,0.19312402478103352,0.20994364315910063
chain,R1-6,LAMBDA_GUIDE,0p2,False,1,0.08,1.3804551298372092,1.3545671380686823,0.35477484180454066,0.35279975200573194,0.21023020843732956
chain,R1-6,LAMBDA_GUIDE,0p4,False,1,0.08666666666666667,1.3812534646890837,1.357444369124152,0.35403079742630544,0.3522133376467442,0.20886749492260342
chain,R1-6,LAMBDA_GUIDE,0p05,False,3,0.15333333333333332,1.5749938841404647,1.5081624671097857,-0.04482949484409953,-0.050644517817839685,0.2313067550138789
chain,R1-6,LAMBDA_GUIDE,0p1,False,3,0.11333333333333333,1.5494389410301592,1.5048814061740434,0.08793969258990582,0.08408261308747166,0.23382707863354937
chain,R1-6,LAMBDA_GUIDE,0p2,False,3,0.16,1.569889956020738,1.5091903695077125,-0.04581710448856917,-0.05109823059120494,0.23085752488208366
chain,R1-6,LAMBDA_GUIDE,0p4,False,3,0.16666666666666666,1.5762177123150447,1.5117865929587977,-0.21979709056012917,-0.22513797329681795,0.2298697665812918
chain,R1-6,LAMBDA_GUIDE,0,False,3,0.18666666666666668,1.5826929899380715,1.5104876070278594,-0.2617778765543465,-0.2676336102167385,0.2268826979931494
chain,R1-6,LAMBDA_GUIDE,0p05,False,5,0.15333333333333332,1.5139237260696181,1.4677584161034587,-0.13025404124595097,-0.13420968364005487,0.20405508669467876
chain,R1-6,LAMBDA_GUIDE,0p1,False,5,0.13333333333333333,1.504799054627377,1.4612206463625614,0.17693133348974635,0.17324740320848483,0.20445464078860204
chain,R1-6,LAMBDA_GUIDE,0p2,False,5,0.14666666666666667,1.5160827992108847,1.4609940527546494,-0.1719080072517108,-0.1765663982677859,0.20264128246861604
chain,R1-6,LAMBDA_GUIDE,0p4,False,5,0.15333333333333332,1.5106147900778841,1.462250846057115,-0.33605877453994354,-0.33979490477066493,0.2043291145415281
chain,R1-6,LAMBDA_GUIDE,0,False,5,0.12,1.5027507261184323,1.4697872088350965,0.04393820411381712,0.041068674069245754,0.20501055490898087
chain,R1-6,LAMBDA_GUIDE,0p05,False,7,0.02,1.2172873594663896,1.2068862864388545,0.6070828817844861,0.606509796467803,0.1979973512149746
chain,R1-6,LAMBDA_GUIDE,0p1,False,7,0.02666666666666667,1.2183844442939578,1.2081695850457346,0.6070122078505423,0.6064493117686846,0.19716018548806777
chain,R1-6,LAMBDA_GUIDE,0p2,False,7,0.013333333333333334,1.2227167414670188,1.2156385152554448,0.6251058688306471,0.6247296460326786,0.1972766265668554
chain,R1-6,LAMBDA_GUIDE,0p4,False,7,0.04,1.227275681965166,1.2160147804353163,0.5841682215590064,0.5835209239154849,0.19681908302433138
chain,R1-6,LAMBDA_GUIDE,0,False,7,0.04,1.2339012981039232,1.2203518263061717,0.5330688740890797,0.5322224790425246,0.19661762346013212
chain,R1-6,LAMBDA_GUIDE,0p05,False,42,0.04666666666666667,1.2387215661593376,1.2261571741999238,0.5552880270789964,0.5545296973348958,0.1966446110139257
chain,R1-6,LAMBDA_GUIDE,0p1,False,42,0.0,1.2267357596667658,1.2208663292800952,0.6634697152146323,0.6631830696028913,0.19735297535034368
chain,R1-6,LAMBDA_GUIDE,0p2,False,42,0.006666666666666667,1.2225065011650362,1.2119226910796002,0.6221261763836622,0.6215600862014588,0.1976986891257537
chain,R1-6,LAMBDA_GUIDE,0p4,False,42,0.04,1.224638871230203,1.213498687339988,0.5570519660594863,0.556381547511856,0.1976418507114444
chain,R1-6,LAMBDA_GUIDE,0,False,42,0.04666666666666667,1.2355997765541964,1.2213811292528334,0.40191193210679077,0.400871716813199,0.19975154457847236
default,R1-6,LAMBDA_GUIDE,0p05,False,1,0.12,1.2448435494549113,1.2141737965602946,0.12791525529563147,0.12528343746340923,0.2041740978229597
default,R1-6,LAMBDA_GUIDE,0p1,False,1,0.09333333333333334,1.2468617078761008,1.216184756563417,0.214164962637045,0.21161089754523044,0.20425898412842616
default,R1-6,LAMBDA_GUIDE,0p2,False,1,0.11333333333333333,1.2485678738629646,1.2158065615524702,0.17084252295176575,0.1680674751763448,0.20481380729628715
default,R1-6,LAMBDA_GUIDE,0p4,False,1,0.1,1.2510864395384067,1.215150304157904,0.17104369906815828,0.1679997991939805,0.20361943138510316
default,R1-6,LAMBDA_GUIDE,0,False,1,0.14666666666666667,1.2527430177494727,1.216946034317908,-0.04862333142885171,-0.051737297863617436,0.20325289770092103
default,R1-6,LAMBDA_GUIDE,0p05,False,3,0.12,1.3704329105967477,1.3045203538415935,0.10989515563385666,0.10421286118732231,0.22721274338924188
default,R1-6,LAMBDA_GUIDE,0p1,False,3,0.15333333333333332,1.3729752744380141,1.313781867921211,-0.111257581846179,-0.11635292663792261,0.22697287670313193
default,R1-6,LAMBDA_GUIDE,0p2,False,3,0.13333333333333333,1.3810215675319992,1.3238090057399197,-0.06887194451916996,-0.07383599834013112,0.22708763322757833
default,R1-6,LAMBDA_GUIDE,0p4,False,3,0.16,1.3780857622852771,1.3077962256758704,-0.15447521240201553,-0.16045310307234004,0.22387640246567306
default,R1-6,LAMBDA_GUIDE,0,False,3,0.16666666666666666,1.3809889933332746,1.3130117083110668,-0.3212836153050731,-0.3265897655141712,0.22530742467518028
default,R1-6,LAMBDA_GUIDE,0p05,False,5,0.15333333333333332,1.3138995365844408,1.2684269656903229,-0.15502827687337606,-0.15889620078420283,0.19920387311718288
default,R1-6,LAMBDA_GUIDE,0p1,False,5,0.14,1.2815064213698664,1.2461950942867603,-0.19322090598789146,-0.19618363979292588,0.20182708801389262
default,R1-6,LAMBDA_GUIDE,0p2,False,5,0.16666666666666666,1.2799671271546684,1.242307692513974,-0.19202786125971857,-0.19518900344031118,0.19972033041349818
default,R1-6,LAMBDA_GUIDE,0p4,False,5,0.17333333333333334,1.2879979507605601,1.2464650272751143,-0.2350620678087293,-0.23848106538554145,0.19955133900652297
default,R1-6,LAMBDA_GUIDE,0,False,5,0.16666666666666666,1.3113053591727808,1.2655515134881021,-0.19734543138542615,-0.20117715706303718,0.19885883866487894
default,R1-6,LAMBDA_GUIDE,0p05,False,7,0.04666666666666667,1.0976307286952334,1.0838799648692026,0.5469886286073652,0.5461476777474717,0.1951472571537421
default,R1-6,LAMBDA_GUIDE,0p1,False,7,0.02666666666666667,1.0958531714866488,1.0834954998614064,0.6521103897143926,0.6514905418098663,0.1956737695466647
default,R1-6,LAMBDA_GUIDE,0p2,False,7,0.04666666666666667,1.0953623761142477,1.0806164751397764,0.54757325679719,0.5466722267076609,0.19444995158296116
default,R1-6,LAMBDA_GUIDE,0p4,False,7,0.04,1.086689967350167,1.0732205046014807,0.598123296365826,0.5973683410646387,0.1955215398958975
default,R1-6,LAMBDA_GUIDE,0,False,7,0.05333333333333334,1.0946557191033401,1.080603918428873,0.5187607781457579,0.5178645447160906,0.19542839361867262
default,R1-6,LAMBDA_GUIDE,0p05,False,42,0.03333333333333333,1.0908960231978189,1.0838303148299788,0.5898882732586673,0.5894863481405463,0.20063417535135847
default,R1-6,LAMBDA_GUIDE,0p1,False,42,0.03333333333333333,1.0912293433601832,1.081464329224702,0.6114767212389112,0.6109432599924405,0.20034779905019548
default,R1-6,LAMBDA_GUIDE,0p2,False,42,0.02,1.0928250087525224,1.085007674952388,0.611314528676683,0.6108873780318067,0.20008910536492094
default,R1-6,LAMBDA_GUIDE,0p4,False,42,0.04666666666666667,1.0975230902119684,1.085537755726931,0.539520917331125,0.5387795161180142,0.19942898420563013
default,R1-6,LAMBDA_GUIDE,0,False,42,0.04666666666666667,1.0965975035737094,1.0863590532639873,0.5657407495347757,0.5651333348420278,0.20036829671505646
wide,R1-6,LAMBDA_GUIDE,0p05,False,1,0.006666666666666667,0.41046989547299684,0.4105374434401106,0.7212665735267558,0.7212665735267558,0.11670954322626599
wide,R1-6,LAMBDA_GUIDE,0p1,False,1,0.0,0.39986450027716486,0.3991528468994851,0.7317092563551201,0.7317092563551201,0.1167906888000125
wide,R1-6,LAMBDA_GUIDE,0p2,False,1,0.0,0.3970387811803248,0.3972879778544236,0.7326724957369696,0.7326724957369696,0.11673894168684337
wide,R1-6,LAMBDA_GUIDE,0p4,False,1,0.006666666666666667,0.40118081108142195,0.4052742921228134,0.6955197711556922,0.6955197711556922,0.11686719251704748
wide,R1-6,LAMBDA_GUIDE,0,False,1,0.02,0.41370271796892755,0.4203942468543135,0.6941451342993362,0.6941451342993362,0.11643680457762985
wide,R1-6,LAMBDA_GUIDE,0p05,False,3,0.04666666666666667,0.4758015635211833,0.46823157350895306,0.6090461737174709,0.6090461737174709,0.13365749351738537
wide,R1-6,LAMBDA_GUIDE,0p1,False,3,0.04666666666666667,0.4735940957941358,0.4666762606696193,0.6331305815968314,0.6331305815968314,0.1335654037692121
wide,R1-6,LAMBDA_GUIDE,0p2,False,3,0.04,0.47209048321645203,0.467485179146639,0.5555740474743918,0.5555740474743918,0.13316440306810975
wide,R1-6,LAMBDA_GUIDE,0p4,False,3,0.06,0.4723637179490447,0.47160610683779236,0.554901097374333,0.554901097374333,0.13267910620151066
wide,R1-6,LAMBDA_GUIDE,0,False,3,0.04666666666666667,0.4719465351263713,0.46936792107582276,0.5839606494932804,0.5839606494932804,0.13378194704858007
wide,R1-6,LAMBDA_GUIDE,0p05,False,5,0.06,0.4817214674075328,0.504897871382762,0.5502170320607664,0.5502170320607664,0.13142588798363875
wide,R1-6,LAMBDA_GUIDE,0p1,False,5,0.06666666666666667,0.4547568899154989,0.5019856299718325,0.5211561925077185,0.5211561925077185,0.13095246090359133
wide,R1-6,LAMBDA_GUIDE,0p2,False,5,0.12,0.48928163039360717,0.5081130333207059,0.18193410335562185,0.18193410335562185,0.1264980921938978
wide,R1-6,LAMBDA_GUIDE,0p4,False,5,0.11333333333333333,0.4667767957713751,0.5054374438956009,0.2648697244559398,0.2648697244559398,0.12674620349095664
wide,R1-6,LAMBDA_GUIDE,0,False,5,0.05333333333333334,0.4592810479342088,0.5054174299505257,0.5208148511981624,0.5208148511981624,0.13172317071298548
wide,R1-6,LAMBDA_GUIDE,0p05,False,7,0.0,0.4086325473394953,0.4065419435523356,0.734810180526582,0.734810180526582,0.11870645211772594
wide,R1-6,LAMBDA_GUIDE,0p1,False,7,0.0,0.4035430545891676,0.40088323058596204,0.734984043765068,0.734984043765068,0.11901058466511176
wide,R1-6,LAMBDA_GUIDE,0p2,False,7,0.0,0.4087167493675945,0.4052775210806376,0.734810180526582,0.734810180526582,0.11896120354988872
wide,R1-6,LAMBDA_GUIDE,0p4,False,7,0.0,0.4010197710881463,0.39933139092717357,0.734671020373095,0.734671020373095,0.11909597481931049
wide,R1-6,LAMBDA_GUIDE,0,False,7,0.0,0.40559910493852247,0.4048551705763641,0.7348449609026462,0.7348449609026462,0.11868782698921439
wide,R1-6,LAMBDA_GUIDE,0p05,False,42,0.02,0.4209321398005529,0.42243892582049763,0.6976250936323708,0.6976250936323708,0.12767673968007506
wide,R1-6,LAMBDA_GUIDE,0p1,False,42,0.02,0.4269462535832865,0.42702567817718073,0.6972599937425158,0.6972599937425158,0.12758102939146476
wide,R1-6,LAMBDA_GUIDE,0p2,False,42,0.006666666666666667,0.4260221042608605,0.4275668552249194,0.6971788112619238,0.6971788112619238,0.12733213547581707
wide,R1-6,LAMBDA_GUIDE,0p4,False,42,0.006666666666666667,0.42360522422113683,0.42623926398126716,0.723137872892227,0.723137872892227,0.1276519700290403
wide,R1-6,LAMBDA_GUIDE,0,False,42,0.013333333333333334,0.42840984204052157,0.42729159011673973,0.7115662054591441,0.7115662054591441,0.128062972626383
default,R1-6,BONUS_TO,-14,False,1,0.11333333333333333,1.2530433209127725,1.2214230562333956,0.25410970016698947,0.2515283785001556,0.2053165080741827
default,R1-6,BONUS_TO,-14,False,3,0.13333333333333333,1.3769682965873618,1.3331707182323185,0.10445975371670982,0.10068038630167912,0.22769193515105746
default,R1-6,BONUS_TO,-14,False,5,0.11333333333333333,1.2773666259796832,1.2518230774765384,0.15415460957696012,0.15197916780973303,0.2033865356896258
default,R1-6,BONUS_TO,-14,False,7,0.04,1.09028054835981,1.0778543638462272,0.6372670154468181,0.636622984070392,0.1953879961300108
default,R1-6,BONUS_TO,-14,False,42,0.013333333333333334,1.0929559042277437,1.0872921772792277,0.6300115415305587,0.6297135670261813,0.2004031312766134
default,R1-6,BONUS_TO,-10,False,1,0.10666666666666667,1.2486480021673716,1.2175400018061426,0.17035593700968216,0.16772055016530046,0.20657167739449672
default,R1-6,BONUS_TO,-10,False,3,0.16,1.3621150756747953,1.3009548913506768,-0.15101133292400562,-0.1562191930547251,0.22650913449487475
default,R1-6,BONUS_TO,-10,False,5,0.14666666666666667,1.2831309634213868,1.2499047707371091,-0.06474531510801791,-0.06763025212907268,0.20148554662849918
default,R1-6,BONUS_TO,-10,False,7,0.0,1.0827680973111444,1.076146649526253,0.6669908237838672,0.6666701433699384,0.1961767727517629
default,R1-6,BONUS_TO,-10,False,42,0.02,1.0872593233867511,1.0833872216287028,0.5898482643434036,0.5896280242915624,0.20054503790747885
default,R1-6,BONUS_TO,-7,True,1,0.09333333333333334,1.2487844114618727,1.216395113475148,0.170549975585447,0.16780617436326667,0.20483726081285658
default,R1-6,BONUS_TO,-7,True,3,0.13333333333333333,1.3693188084546548,1.3076822944255373,0.06541004334186588,0.06005593301552221,0.2255656527852566
default,R1-6,BONUS_TO,-7,True,5,0.15333333333333332,1.2767347926816333,1.2451878341453064,-0.018273693431896658,-0.02102381777854451,0.2026109159335889
default,R1-6,BONUS_TO,-7,True,7,0.02666666666666667,1.0921203929195917,1.0815507614860247,0.6177875233123655,0.6172172326547476,0.19562265593413944
default,R1-6,BONUS_TO,-7,True,42,0.04666666666666667,1.0947436760571134,1.0838658907988301,0.5399785780634676,0.5393061924358407,0.20025629021887734
default,R1-6,BONUS_TO,-4,False,1,0.12,1.2494783378391194,1.2189020926136716,0.21245929731414873,0.20991169155248293,0.2039223685601923
default,R1-6,BONUS_TO,-4,False,3,0.09333333333333334,1.3490758826274374,1.3200186825652176,0.2759864935349942,0.2736438175378347,0.2284125979957371
default,R1-6,BONUS_TO,-4,False,5,0.12,1.2882080356335057,1.2690330951734707,0.1935989826458959,0.19198890596274196,0.2025514131600527
default,R1-6,BONUS_TO,-4,False,7,0.02,1.095601631801165,1.0860575121357467,0.6521256598626166,0.6516470299318041,0.19573322333075502
default,R1-6,BONUS_TO,-4,False,42,0.04,1.097098793030843,1.0879115482085806,0.5653425877993549,0.5647972052187747,0.2003860715249036
default,R1-6,BONUS_TO,-2,False,1,0.10666666666666667,1.249025410475452,1.2164008365898704,0.17118051431818992,0.16841738094867972,0.2045271190679158
default,R1-6,BONUS_TO,-2,False,3,0.1,1.3603416041348204,1.3140618965033626,0.23509178602804687,0.23127522785760862,0.22769008562149035
default,R1-6,BONUS_TO,-2,False,5,0.12666666666666668,1.2843879032199004,1.2561103225759198,0.02304640276016064,0.020581509406952962,0.20139132264273868
default,R1-6,BONUS_TO,-2,False,7,0.006666666666666667,1.084739393385984,1.0734338580914786,0.6672608483540109,0.6667135211079089,0.19595400060514284
default,R1-6,BONUS_TO,-2,False,42,0.04,1.0955587849634314,1.0840399650335109,0.5662520120950724,0.5655691753568513,0.19972282902658048
default,R1-6,W_E,0p025,False,1,0.12,1.2476421720340318,1.2135489665876786,0.0848086594364978,0.081856064046824,0.2038828765128152
default,R1-6,W_E,0p05,False,1,0.10666666666666667,1.2539716359215214,1.2179371196433606,0.08398190259026217,0.0808607083488383,0.20473602460924262
default,R1-6,W_E,0p1,False,1,0.12,1.2549172004183617,1.2189665416708115,-0.004438958092663814,-0.0075740742781690825,0.2038107897828041
default,R1-6,W_E,0p2,False,1,0.11333333333333333,1.2500956865731538,1.2168117963233192,0.08477435872589363,0.0818918532293421,0.20415460000277305
default,R1-6,W_E,0,False,1,0.11333333333333333,1.2492319264863536,1.2141035130521431,-0.04687942311758782,-0.04993576639564672,0.20553853271996247
default,R1-6,W_E,0p025,False,3,0.12,1.3547839744161196,1.3130010470523583,0.23447054395944578,0.2310240811201936,0.22676379618514805
default,R1-6,W_E,0p05,False,3,0.12666666666666668,1.3650548251938672,1.3040094303178833,-0.15210207430123224,-0.15729837917422257,0.22618194733354866
default,R1-6,W_E,0p1,False,3,0.11333333333333333,1.3788706176762795,1.317193277669656,0.10786432347143929,0.10254503203771681,0.22981590527369003
default,R1-6,W_E,0p2,False,3,0.14666666666666667,1.3785166988221342,1.3105023571283796,-0.022567929313074445,-0.02849552863619376,0.22712559458917383
default,R1-6,W_E,0,False,3,0.16666666666666666,1.3649903448505885,1.3071592643854517,-0.15305407808881547,-0.15797550101112356,0.2253932361358924
default,R1-6,W_E,0p025,False,5,0.15333333333333332,1.2955183856176604,1.2518445859233436,-0.1517608766411978,-0.15547974969932196,0.20073348765202592
default,R1-6,W_E,0p05,False,5,0.12666666666666668,1.2813872495185115,1.2552893745987588,0.11048135023938867,0.10823259207519571,0.2042528817361913
default,R1-6,W_E,0p1,False,5,0.14666666666666667,1.2809150070039885,1.2481137054631108,-0.14963491233566245,-0.15243023672463488,0.2023573797777676
default,R1-6,W_E,0p2,False,5,0.14,1.281749707805353,1.2458780976296508,-0.06364869004292947,-0.06676372434416676,0.2011550092490007
default,R1-6,W_E,0,False,5,0.12,1.2840074373260455,1.264552517363155,0.021760810610761086,0.020064903047125476,0.20295154670881063
default,R1-6,W_E,0p025,False,7,0.02,1.094067786466673,1.082154793063117,0.6659770656810394,0.6653985309251964,0.19590583566481115
default,R1-6,W_E,0p05,False,7,0.04,1.0938648633256796,1.08004198063776,0.5478533317353298,0.5470091085399702,0.1956153486407476
default,R1-6,W_E,0p1,False,7,0.03333333333333333,1.126557640239939,1.1133685428826121,0.5909786913761478,0.5902296888130999,0.19481898131636777
default,R1-6,W_E,0p2,False,7,0.04666666666666667,1.1309992832529216,1.1147593597059438,0.5407968639687714,0.539794028944271,0.19455455077467493
default,R1-6,W_E,0,False,7,0.02666666666666667,1.0956402732958932,1.0847890514322218,0.6362534686184451,0.6356898928190878,0.1955810187644015
default,R1-6,W_E,0p025,False,42,0.02,1.0891485702453292,1.084860646498912,0.6108839721971531,0.6106495210043958,0.20019353551809813
default,R1-6,W_E,0p05,False,42,0.02666666666666667,1.0917832565603083,1.0826405960354837,0.5900537045320029,0.5895337343471508,0.20000670943322849
default,R1-6,W_E,0p1,False,42,0.04,1.1041216924225543,1.0915644790792662,0.5652959321065655,0.5645503164664535,0.19991643535891734
default,R1-6,W_E,0p2,False,42,0.04666666666666667,1.0929486814863425,1.084379453634102,0.539734277178769,0.5392044502325932,0.2003894510595764
default,R1-6,W_E,0,False,42,0.02,1.0935974556363044,1.088381608298126,0.5657228087014543,0.5654134364741584,0.20022294378156646
default,R1-6,W_D,0p05,False,1,0.09333333333333334,1.2597531462965859,1.23778935150642,0.16650251798460655,0.16463958101515805,0.20491597498046435
default,R1-6,W_D,0p1,False,1,0.08666666666666667,1.2481609048654068,1.227006117550019,0.33150789268115494,0.3298647445918116,0.20546646195382995
default,R1-6,W_D,0p2,False,1,0.07333333333333333,1.255512530411105,1.2346074428202167,0.33042784801068975,0.32880280547377205,0.20581603488119316
default,R1-6,W_D,0p4,False,1,0.11333333333333333,1.2431468467449425,1.211138456374254,-0.002256301562466019,-0.005047691913107698,0.20384130637370831
default,R1-6,W_D,0,False,1,0.11333333333333333,1.249403579585523,1.2175736257906988,0.08416231835736523,0.08140547560621111,0.20388354918010496
default,R1-6,W_D,0p05,False,3,0.14,1.3811064539537132,1.3174633135133402,-0.11192028206873483,-0.1173975737112439,0.22667457717702913
default,R1-6,W_D,0p1,False,3,0.16,1.3784716633051726,1.312469030845828,-0.23983314564518107,-0.245250563387115,0.22640802328266915
default,R1-6,W_D,0p2,False,3,0.14,1.3741013433343698,1.3054623363563294,-0.1536419334782289,-0.15948114971724392,0.22744912480616766
default,R1-6,W_D,0p4,False,3,0.14,1.3867519269607604,1.3196630926176303,-0.02516534882241805,-0.03101148652380407,0.22522497802913502
default,R1-6,W_D,0,False,3,0.12666666666666668,1.3732482654890459,1.3157336470814565,0.0645116975637215,0.059515187549354844,0.22744271136736358
default,R1-6,W_D,0p05,False,5,0.12666666666666668,1.2843373140758996,1.2586031845940528,0.023078984663621547,0.020835812145361992,0.2019999794155268
default,R1-6,W_D,0p1,False,5,0.13333333333333333,1.290865541879804,1.2654026857203815,-0.022434885830480627,-0.02465425185668077,0.20186546019713175
default,R1-6,W_D,0p2,False,5,0.13333333333333333,1.277187082465922,1.2452350854229641,-0.1494383654426171,-0.1521615079317018,0.20277353391011327
default,R1-6,W_D,0p4,False,5,0.14666666666666667,1.2841947145692287,1.2632891049887163,0.022020867239834492,0.020198516555601346,0.20180121613400376
default,R1-6,W_D,0,False,5,0.10666666666666667,1.2741421431685513,1.2605965573982116,0.2789697949397842,0.27788006899444617,0.20322503783058238
default,R1-6,W_D,0p05,False,7,0.013333333333333334,1.0897045810440817,1.0783341229396737,0.6187021492094165,0.6180897445885551,0.19622194507375412
default,R1-6,W_D,0p1,False,7,0.02666666666666667,1.0919264171043273,1.0848927942886188,0.6359206156098087,0.6355551305863318,0.1959202440517921
default,R1-6,W_D,0p2,False,7,0.013333333333333334,1.0933321132983203,1.0837099968124662,0.6522720342847446,0.6517896509816953,0.19612751608773604
default,R1-6,W_D,0p4,False,7,0.006666666666666667,1.0896260719408517,1.0758042766412828,0.6372247205923123,0.6365082361764269,0.19601420320680668
default,R1-6,W_D,0,False,7,0.02666666666666667,1.0841184869017975,1.0743458482989392,0.637567412548167,0.6370613117503403,0.19561067665746304
default,R1-6,W_D,0p05,False,42,0.02,1.0940682942789042,1.085130407993644,0.6109319056301957,0.6104431326262608,0.20030435625917278
default,R1-6,W_D,0p1,False,42,0.03333333333333333,1.0957158089740737,1.0887061937689624,0.6456526583475272,0.6452960465257704,0.1996419151406599
default,R1-6,W_D,0p2,False,42,0.02666666666666667,1.0914492078170202,1.0833525939625517,0.5902087593615967,0.5897484349485809,0.20007384412549756
default,R1-6,W_D,0p4,False,42,0.013333333333333334,1.096458515219909,1.0914473944081806,0.6448419265857421,0.6445865589116881,0.20056112384020658
default,R1-6,W_D,0,False,42,0.013333333333333334,1.09514330467028,1.0868004176922614,0.646186609287293,0.6457626377930454,0.20029737813885368
chain,R1-6,SHIELD_THR_HIGH,1p05,False,1,0.08,1.3728406985255504,1.3486536208302704,0.109303517400523,0.1072189025055806,0.20934127443485
chain,R1-6,SHIELD_THR_HIGH,1p15,False,1,0.09333333333333334,1.3767635393717754,1.359655921759899,0.23421656320500753,0.23280597207469791,0.20944841157260904
chain,R1-6,SHIELD_THR_HIGH,1p1,False,1,0.06,1.3665164599215245,1.3585202735351267,0.39022659831409273,0.3896352846467789,0.21054932681069316
chain,R1-6,SHIELD_THR_HIGH,1p2,False,1,0.10666666666666667,1.3706176856658572,1.3452900306282467,0.1527375913086701,0.15057958840931712,0.20866912489244546
chain,R1-6,SHIELD_THR_HIGH,1p05,False,3,0.10666666666666667,1.5485349979254923,1.5031354318258583,0.21621627345296085,0.2124388885906333,0.23327797896549166
chain,R1-6,SHIELD_THR_HIGH,1p15,False,3,0.16,1.5594091934492962,1.4952491633708362,-0.21628040876721874,-0.22160752298785072,0.23040216697788027
chain,R1-6,SHIELD_THR_HIGH,1p1,False,3,0.14,1.5840156754735448,1.5083973259886774,-0.08849685015869256,-0.09503591558374877,0.23214233204127727
chain,R1-6,SHIELD_THR_HIGH,1p2,False,3,0.14666666666666667,1.550790002331342,1.5011986015697707,-0.1323338547630196,-0.1365804917800987,0.2315834495392582
chain,R1-6,SHIELD_THR_HIGH,1p05,False,5,0.12666666666666668,1.493984880174976,1.4632951755996484,0.0017820359532382559,-0.0008943896464912574,0.20507699033781784
chain,R1-6,SHIELD_THR_HIGH,1p15,False,5,0.14,1.5089906698459374,1.4592665534213816,-0.12805084628430538,-0.1323137538325791,0.2039963483856348
chain,R1-6,SHIELD_THR_HIGH,1p1,False,5,0.12666666666666668,1.5147195825056312,1.4706610271707967,0.0890651429608752,0.08525202049411425,0.2042254012377586
chain,R1-6,SHIELD_THR_HIGH,1p2,False,5,0.09333333333333334,1.519337127153733,1.48231831239838,0.08711378040749156,0.08390900483555211,0.20507666643332126
chain,R1-6,SHIELD_THR_HIGH,1p05,False,7,0.02,1.2089735770470593,1.2003086719105887,0.627073940299131,0.626615204741029,0.19688514627340623
chain,R1-6,SHIELD_THR_HIGH,1p15,False,7,0.006666666666666667,1.221881987200657,1.2125439748059423,0.6411697523035713,0.6406899232569659,0.19776545988127214
chain,R1-6,SHIELD_THR_HIGH,1p1,False,7,0.02,1.2208117199192643,1.209874704192928,0.625107488159286,0.6245260421523205,0.19760332265847352
chain,R1-6,SHIELD_THR_HIGH,1p2,False,7,0.02,1.2185814228223586,1.2080854518153858,0.6561919550944891,0.6556704327110039,0.19721867045663627
chain,R1-6,SHIELD_THR_HIGH,1p05,False,42,0.006666666666666667,1.2345179874714636,1.2239501216400324,0.6372696772692797,0.6367220195608647,0.1971208181973084
chain,R1-6,SHIELD_THR_HIGH,1p15,False,42,0.03333333333333333,1.2569770204753155,1.2423723453674544,0.5768763484597337,0.5760259183421261,0.19632531106395498
chain,R1-6,SHIELD_THR_HIGH,1p1,False,42,0.02666666666666667,1.2283971304326466,1.2184266359400213,0.6025124655088049,0.6019583096675021,0.1973878464876739
chain,R1-6,SHIELD_THR_HIGH,1p2,False,42,0.02666666666666667,1.2364922203246016,1.2281026871051255,0.6012089784877321,0.6007415824814978,0.19713493760182382
chain,R1-6,SHIELD_THR_HIGH,1,False,1,0.09333333333333334,1.372802392572036,1.3566045488233356,0.2751635014175015,0.27385734707866766,0.2088286466475856
chain,R1-6,SHIELD_THR_HIGH,1,False,3,0.18666666666666668,1.5639412781057793,1.4949588946740462,-0.3771135384112216,-0.3822621515548631,0.22928754611496457
chain,R1-6,SHIELD_THR_HIGH,1,False,5,0.14666666666666667,1.5156321516882967,1.4628260302268294,-0.2134879947373393,-0.2178789406540696,0.20881071510054466
chain,R1-6,SHIELD_THR_HIGH,1,False,7,0.02,1.2163553477234803,1.2112768361326978,0.6423815845225912,0.6421213788558638,0.1972266331299208
chain,R1-6,SHIELD_THR_HIGH,1,False,42,0.02666666666666667,1.2334366640704988,1.226253375320072,0.6205607927488682,0.6201754364374455,0.19721657278285165
default,R1-6,SHIELD_THR_HIGH,1p05,False,1,0.12,1.2409760406214267,1.2111532074553315,0.08590951192921466,0.08332730759006593,0.2037406924952112
default,R1-6,SHIELD_THR_HIGH,1p15,False,1,0.12,1.246387016461081,1.2138984271606408,0.21411667265303239,0.21141162730584576,0.20447755369378884
default,R1-6,SHIELD_THR_HIGH,1p1,False,1,0.11333333333333333,1.24053034613276,1.2142454907515177,0.12820418564039227,0.12594891960870128,0.2043399100721759
default,R1-6,SHIELD_THR_HIGH,1p2,False,1,0.10666666666666667,1.2455950401225127,1.2106252331679435,0.04174293654822765,0.038698179919641335,0.20421291842502262
default,R1-6,SHIELD_THR_HIGH,1p05,False,3,0.15333333333333332,1.3734964353531327,1.310877338397006,-0.15381010174008172,-0.1591373488058746,0.22669757152565956
default,R1-6,SHIELD_THR_HIGH,1p15,False,3,0.14,1.360114823447666,1.2994213646432107,0.023169211387074548,0.017878419125821995,0.2270435824866523
default,R1-6,SHIELD_THR_HIGH,1p1,False,3,0.12666666666666668,1.365618673757968,1.3091158988645486,0.06603232023444691,0.06112468104763366,0.2277878259036126
default,R1-6,SHIELD_THR_HIGH,1p2,False,3,0.12666666666666668,1.365255768205021,1.3157909735930828,0.02019303108829925,0.015880650949553373,0.22760645752387684
default,R1-6,SHIELD_THR_HIGH,1p05,False,5,0.14666666666666667,1.302163941060411,1.2609256881463144,-0.1962366845022283,-0.19969209864464438,0.19884502801248302
default,R1-6,SHIELD_THR_HIGH,1p15,False,5,0.13333333333333333,1.2843631159797033,1.2570989845706992,0.02405961976201145,0.02168317877428889,0.20226094607462608
default,R1-6,SHIELD_THR_HIGH,1p1,False,5,0.13333333333333333,1.2807062906527231,1.2461077830642144,-0.06341964904236502,-0.06642424089909084,0.20244180156292924
default,R1-6,SHIELD_THR_HIGH,1p2,False,5,0.16666666666666666,1.312756766910601,1.2713618095187222,-0.2818149225515312,-0.28513484897416713,0.1997747849499151
default,R1-6,SHIELD_THR_HIGH,1p05,False,7,0.02666666666666667,1.083947491466539,1.0740720422061054,0.5486021827330984,0.5479998671082723,0.19613719602194526
default,R1-6,SHIELD_THR_HIGH,1p15,False,7,0.006666666666666667,1.091553011127131,1.0798643766810847,0.6527517294794218,0.6521663153231309,0.195782739259014
default,R1-6,SHIELD_THR_HIGH,1p1,False,7,0.02,1.09555036530518,1.084758326339294,0.6363740841646609,0.6358137284555833,0.1958363169884961
default,R1-6,SHIELD_THR_HIGH,1p2,False,7,0.013333333333333334,1.0887180580620597,1.0774462522558537,0.5741311001925474,0.5734717469151465,0.19578318972561728
default,R1-6,SHIELD_THR_HIGH,1p05,False,42,0.02666666666666667,1.0893725650051804,1.085072694871571,0.6458082550017085,0.6455896092777129,0.2003596531581227
default,R1-6,SHIELD_THR_HIGH,1p15,False,42,0.02,1.0892434121830799,1.0839504301999823,0.6114975002422626,0.6112084260942088,0.20017486606845358
default,R1-6,SHIELD_THR_HIGH,1p1,False,42,0.02666666666666667,1.0909919518453912,1.0859324347346677,0.6297814587241277,0.6295151532518984,0.20012278355495572
default,R1-6,SHIELD_THR_HIGH,1p2,False,42,0.04,1.095451534703864,1.0876820785942216,0.5652881624040338,0.5648269345713258,0.20009038343909283
default,R1-6,SHIELD_THR_HIGH,1,False,1,0.12666666666666668,1.2501156967641494,1.2141615380132689,-0.0030199370512767635,-0.006155405589797926,0.20449058141490448
default,R1-6,SHIELD_THR_HIGH,1,False,3,0.07333333333333333,1.352532153222744,1.3203421748900435,0.2758680434907748,0.27327241644131706,0.22884319658721247
default,R1-6,SHIELD_THR_HIGH,1,False,5,0.14666666666666667,1.2897951780527506,1.2485722067348297,-0.19404606846898115,-0.19750330168774807,0.20186035069977337
default,R1-6,SHIELD_THR_HIGH,1,False,7,0.03333333333333333,1.082720252730019,1.073951164160084,0.5749047370267382,0.5743925262389679,0.19874578880859545
default,R1-6,SHIELD_THR_HIGH,1,False,42,0.02,1.0922808354707696,1.0849954464393852,0.6107198719826201,0.6103213371353762,0.2004801092235855
wide,R1-6,SHIELD_THR_HIGH,1p05,False,1,0.0,0.4017673909518442,0.40026507215826485,0.7322875514300567,0.7322875514300567,0.11705086731748736
wide,R1-6,SHIELD_THR_HIGH,1p15,False,1,0.0,0.39603559087722395,0.3983906081544125,0.7316706658401588,0.7316706658401588,0.11751741554173352
wide,R1-6,SHIELD_THR_HIGH,1p1,False,1,0.006666666666666667,0.4010090818517392,0.3996145981505189,0.7227376982895253,0.7227376982895253,0.11705709658066188
wide,R1-6,SHIELD_THR_HIGH,1p2,False,1,0.0,0.40779941214891574,0.4076181728717559,0.7311685621859092,0.7311685621859092,0.11597984903949865
wide,R1-6,SHIELD_THR_HIGH,1p05,False,3,0.04666666666666667,0.4789692854050434,0.4649059855060626,0.6339776697331607,0.6339776697331607,0.13331836404130898
wide,R1-6,SHIELD_THR_HIGH,1p15,False,3,0.04666666666666667,0.480327541727294,0.46808721142971127,0.6103242268243158,0.6103242268243158,0.13375309802822527
wide,R1-6,SHIELD_THR_HIGH,1p1,False,3,0.04666666666666667,0.4679464284065148,0.4640565475058068,0.6117098201080288,0.6117098201080288,0.13344512148094131
wide,R1-6,SHIELD_THR_HIGH,1p2,False,3,0.04,0.47651708865494385,0.4616316202853618,0.5858807207707641,0.5858807207707641,0.13413944364685837
wide,R1-6,SHIELD_THR_HIGH,1p05,False,5,0.09333333333333334,0.4813584908542192,0.5034800001018239,0.42014874779657263,0.42014874779657263,0.1293790207538583
wide,R1-6,SHIELD_THR_HIGH,1p15,False,5,0.06666666666666667,0.47778336145557343,0.5065425647421538,0.4889938880488013,0.4889938880488013,0.13071901740466216
wide,R1-6,SHIELD_THR_HIGH,1p1,False,5,0.06666666666666667,0.46622910019034725,0.5067091427351914,0.5207579447801252,0.5207579447801252,0.131091478153031
wide,R1-6,SHIELD_THR_HIGH,1p2,False,5,0.06,0.4547115549777254,0.5054647494254628,0.5505436189039137,0.5505436189039137,0.13137153210660013
wide,R1-6,SHIELD_THR_HIGH,1p05,False,7,0.0,0.4143741108385104,0.4102616878991729,0.7346014171033639,0.7346014171033639,0.11811187903636264
wide,R1-6,SHIELD_THR_HIGH,1p15,False,7,0.0,0.4073889926260893,0.4051137998335095,0.7347406081801773,0.7347406081801773,0.11856971799421875
wide,R1-6,SHIELD_THR_HIGH,1p1,False,7,0.0,0.401612981448675,0.39968394293278103,0.734705816209344,0.734705816209344,0.1187684262549103
wide,R1-6,SHIELD_THR_HIGH,1p2,False,7,0.0,0.40594760888709147,0.40323214945021024,0.7346014171033639,0.7346014171033639,0.11849675079422137
wide,R1-6,SHIELD_THR_HIGH,1p05,False,42,0.013333333333333334,0.4227645143967418,0.4220213962904011,0.6975034338949276,0.6975034338949276,0.12777359378686556
wide,R1-6,SHIELD_THR_HIGH,1p15,False,42,0.02,0.42985347520657763,0.42867008134983225,0.6975034338949276,0.6975034338949276,0.12769171226247814
wide,R1-6,SHIELD_THR_HIGH,1p1,False,42,0.006666666666666667,0.42805935338925905,0.42858675138366653,0.7227608237800578,0.7227608237800578,0.12798431007309097
wide,R1-6,SHIELD_THR_HIGH,1p2,False,42,0.013333333333333334,0.4248456154814072,0.42719747495697175,0.7112541071665015,0.7112541071665015,0.12828090374900347
wide,R1-6,SHIELD_THR_HIGH,1,False,1,0.0,0.3978221238630945,0.40200821236317386,0.7313231400909086,0.7313231400909086,0.11730230930037623
wide,R1-6,SHIELD_THR_HIGH,1,False,3,0.04666666666666667,0.4731936355015878,0.4671957570010584,0.5839606494932804,0.5839606494932804,0.13395035337074404
wide,R1-6,SHIELD_THR_HIGH,1,False,5,0.08,0.49023625555144085,0.5068803268874895,0.3478447480196254,0.3478447480196254,0.1297223566458889
wide,R1-6,SHIELD_THR_HIGH,1,False,7,0.0,0.4031269722980742,0.40074348118089487,0.73505356201463,0.73505356201463,0.12056541965055345
wide,R1-6,SHIELD_THR_HIGH,1,False,42,0.02666666666666667,0.42013456452204756,0.42298777473650945,0.6812972802432065,0.6812972802432065,0.12716962548994748
chain,R1-6,SHIELD_THR_NORM,1p05,False,1,0.06666666666666667,1.3767595078219772,1.3535625428721019,0.35454545626362827,0.3527754930594007,0.2101165231068072
chain,R1-6,SHIELD_THR_NORM,1p15,False,1,0.10666666666666667,1.3701653683433044,1.3497956539744438,0.19500073996592973,0.1932912702261265,0.20930045415008067
chain,R1-6,SHIELD_THR_NORM,1p1,False,1,0.09333333333333334,1.3632857020117588,1.348051418915917,0.27756114649389124,0.2763344770468417,0.20915006361043748
chain,R1-6,SHIELD_THR_NORM,1p2,False,1,0.08,1.3787972494392995,1.3546804112068922,0.39131526743005396,0.3895326502781555,0.2098097441562258
chain,R1-6,SHIELD_THR_NORM,1p3,False,1,0.11333333333333333,1.3762392900047147,1.3517999795370106,0.0643669813027092,0.06224418843352041,0.2075242596204286
chain,R1-6,SHIELD_THR_NORM,1p05,False,3,0.10666666666666667,1.5763041992955689,1.5229187435397722,0.040111415150740626,0.03546236288193095,0.23365884595571024
chain,R1-6,SHIELD_THR_NORM,1p15,False,3,0.14666666666666667,1.566528251908151,1.5027493996435979,-0.1330070374669007,-0.13846665279089476,0.2313909564972604
chain,R1-6,SHIELD_THR_NORM,1p1,False,3,0.12666666666666668,1.5676855396740288,1.5108928336450071,-0.045166923576432975,-0.05010852590661167,0.23243753997849878
chain,R1-6,SHIELD_THR_NORM,1p2,False,3,0.12666666666666668,1.5496623617854224,1.498225818073602,-0.04341568463117477,-0.047892072635586126,0.23251002577890495
chain,R1-6,SHIELD_THR_NORM,1p3,False,3,0.14,1.556502152771329,1.4994181736065975,-0.04396861155260198,-0.04893611303816924,0.231034106501163
chain,R1-6,SHIELD_THR_NORM,1p05,False,5,0.15333333333333332,1.51352429030701,1.4603648034292345,-0.12789914969410207,-0.1324565799115213,0.20363161559568715
chain,R1-6,SHIELD_THR_NORM,1p15,False,5,0.12,1.49914102990977,1.4698138493980921,0.1322041911592707,0.12969044537817584,0.2036277729175946
chain,R1-6,SHIELD_THR_NORM,1p1,False,5,0.13333333333333333,1.5044078107690915,1.4646617799691277,0.045981050761361414,0.04252161812094471,0.20417288207393705
chain,R1-6,SHIELD_THR_NORM,1p2,False,5,0.1,1.5002081391360664,1.4641595733376513,0.1341128424237388,0.13102432479705173,0.2047916311939998
chain,R1-6,SHIELD_THR_NORM,1p3,False,5,0.1,1.5067277537000625,1.4790221676887125,0.1736334155333835,0.17128909625599445,0.20609264134868863
chain,R1-6,SHIELD_THR_NORM,1p05,False,7,0.04,1.2201126752895368,1.2079021589291803,0.5857519231938598,0.5850519790230279,0.1968805003201548
chain,R1-6,SHIELD_THR_NORM,1p15,False,7,0.006666666666666667,1.222568194843053,1.2167474364858029,0.6552768544382164,0.6549871014544029,0.19750857152302934
chain,R1-6,SHIELD_THR_NORM,1p1,False,7,0.02,1.2110329718076034,1.2013572205417125,0.585765572977734,0.5852110145686684,0.19711088512374006
chain,R1-6,SHIELD_THR_NORM,1p2,False,7,0.006666666666666667,1.218617372830955,1.2132818954321773,0.655591848147892,0.6553264516007529,0.19754380097758847
chain,R1-6,SHIELD_THR_NORM,1p3,False,7,0.03333333333333333,1.2227196909472824,1.210059994700275,0.585036645694636,0.5843100119240074,0.19698950955685285
chain,R1-6,SHIELD_THR_NORM,1p05,False,42,0.03333333333333333,1.2267102118867206,1.2200409325068504,0.580433271753329,0.5800474688258526,0.1969461157439818
chain,R1-6,SHIELD_THR_NORM,1p15,False,42,0.006666666666666667,1.234103284885864,1.2245511096919512,0.6372979384730424,0.6368029747664898,0.19724716394086217
chain,R1-6,SHIELD_THR_NORM,1p1,False,42,0.02666666666666667,1.2354152321757976,1.228526419793088,0.6201928015965406,0.6198229743947266,0.19678108733808422
chain,R1-6,SHIELD_THR_NORM,1p2,False,42,0.0,1.233939635595765,1.2246365907933523,0.651415072445752,0.6509477869900293,0.19803550501843986
chain,R1-6,SHIELD_THR_NORM,1p3,False,42,0.03333333333333333,1.2315222667629362,1.2238106338669876,0.5556024019152603,0.555137306873689,0.19706029152482052
default,R1-6,SHIELD_THR_NORM,1p05,False,1,0.11333333333333333,1.2440148896901564,1.212718975477196,0.08507907701201801,0.0823689154442467,0.20363694920051637
default,R1-6,SHIELD_THR_NORM,1p15,False,1,0.08666666666666667,1.2527483157800243,1.228600195781221,0.3313396363415565,0.329463592058004,0.20467338374531147
default,R1-6,SHIELD_THR_NORM,1p1,False,1,0.12,1.2557544258833258,1.2211469330517708,0.12731703675488476,0.12434673131567407,0.20437897599037255
default,R1-6,SHIELD_THR_NORM,1p2,False,1,0.1,1.2526182098380958,1.2180802654005713,0.12772769027356276,0.1247636682324284,0.20506122985682076
default,R1-6,SHIELD_THR_NORM,1p3,False,1,0.1,1.2517760638413524,1.2173897056832421,0.1279344782910707,0.12498362695454887,0.20412804466117832
default,R1-6,SHIELD_THR_NORM,1p05,False,3,0.14,1.3602065867692557,1.3042958482584814,-0.10900793520598498,-0.1138233346450877,0.22711636545973055
default,R1-6,SHIELD_THR_NORM,1p15,False,3,0.14,1.365570002838261,1.3045665354904126,0.11038511158618092,0.10512682778098742,0.22750152799061027
default,R1-6,SHIELD_THR_NORM,1p1,False,3,0.12,1.3594378840180066,1.3124836405477387,0.15294368416056556,0.14894213933762288,0.2284793688709506
default,R1-6,SHIELD_THR_NORM,1p2,False,3,0.10666666666666667,1.3561393407995936,1.3204144235516857,0.19361733801582498,0.19061678715051156,0.2280730787342904
default,R1-6,SHIELD_THR_NORM,1p3,False,3,0.12,1.3580539062250527,1.3056024062303746,0.022780372421094555,0.01820804292929151,0.22864805997025872
default,R1-6,SHIELD_THR_NORM,1p05,False,5,0.10666666666666667,1.2718401443241765,1.2572843830881688,0.27822160507879684,0.2770500547709929,0.20297735612029116
default,R1-6,SHIELD_THR_NORM,1p15,False,5,0.13333333333333333,1.2924629614979966,1.2587549371484643,-0.06606147754279916,-0.06898772513280761,0.20256944497115748
default,R1-6,SHIELD_THR_NORM,1p1,False,5,0.15333333333333332,1.2850561483416632,1.2472112110177194,-0.0639636623626146,-0.06724988404764388,0.20060091699353966
default,R1-6,SHIELD_THR_NORM,1p2,False,5,0.16,1.2820657658211643,1.2487584024459817,-0.10817449855845228,-0.11104431053756128,0.20209835495718864
default,R1-6,SHIELD_THR_NORM,1p3,False,5,0.14666666666666667,1.2813773776962254,1.2444260529723385,-0.15005369567368423,-0.15320210346593027,0.20248032250253858
default,R1-6,SHIELD_THR_NORM,1p05,False,7,0.04666666666666667,1.1182837690517702,1.1024344916385465,0.5429688161408118,0.5419933750585861,0.19481629660367739
default,R1-6,SHIELD_THR_NORM,1p15,False,7,0.04666666666666667,1.0941511564845336,1.08184169979285,0.5472883311142239,0.5465359295358785,0.1950256044119972
default,R1-6,SHIELD_THR_NORM,1p1,False,7,0.03333333333333333,1.0985670237921636,1.083396094429052,0.45632198824862724,0.45527380745280815,0.19553844759814426
default,R1-6,SHIELD_THR_NORM,1p2,False,7,0.013333333333333334,1.0925871123329487,1.0844123151818736,0.6176950396981586,0.61725393914654,0.1956840972097166
default,R1-6,SHIELD_THR_NORM,1p3,False,7,0.03333333333333333,1.0913747585391815,1.082294784295002,0.5965530456692363,0.5960427494687816,0.1954312510466612
default,R1-6,SHIELD_THR_NORM,1p05,False,42,0.02,1.0953249352562255,1.0869699395724772,0.589546630533788,0.5890710405931001,0.20004411898035096
default,R1-6,SHIELD_THR_NORM,1p15,False,42,0.006666666666666667,1.0919283551602046,1.0854664648161911,0.6298663080490877,0.6295262233185366,0.2006616367893812
default,R1-6,SHIELD_THR_NORM,1p1,False,42,0.04666666666666667,1.0922095686667974,1.0854103278801226,0.5396351231011063,0.5392147042677561,0.20016096832925342
default,R1-6,SHIELD_THR_NORM,1p2,False,42,0.04,1.098592264756704,1.0870663716143665,0.5105912362993024,0.5098477398361843,0.20005816568986004
default,R1-6,SHIELD_THR_NORM,1p3,False,42,0.02,1.0918558911230525,1.0850778709890028,0.6114359391779212,0.6110656864360375,0.19981310198689195
wide,R1-6,SHIELD_THR_NORM,1p05,False,1,0.0,0.39401505809168297,0.3953468856158481,0.7325955443432985,0.7325955443432985,0.1173192554810291
wide,R1-6,SHIELD_THR_NORM,1p15,False,1,0.013333333333333334,0.3935961802987309,0.39449271505690847,0.7107042726603982,0.7107042726603982,0.11694855641875418
wide,R1-6,SHIELD_THR_NORM,1p1,False,1,0.0,0.3948981610923123,0.3943103817612348,0.7323645777643308,0.7323645777643308,0.1170962233814837
wide,R1-6,SHIELD_THR_NORM,1p2,False,1,0.0,0.39224231230430806,0.39484677316634287,0.7321334425340501,0.7321334425340501,0.11705557182418505
wide,R1-6,SHIELD_THR_NORM,1p3,False,1,0.0,0.39571832540477025,0.3954035818588962,0.7324415853595696,0.7324415853595696,0.11693663161901277
wide,R1-6,SHIELD_THR_NORM,1p05,False,3,0.04666666666666667,0.4780253360436981,0.46668271282767554,0.6103797224433778,0.6103797224433778,0.13373204364804367
wide,R1-6,SHIELD_THR_NORM,1p15,False,3,0.03333333333333333,0.4806354533866356,0.4630860659018463,0.6556701521892069,0.6556701521892069,0.13453678545408296
wide,R1-6,SHIELD_THR_NORM,1p1,False,3,0.04666666666666667,0.4740920547505097,0.46245830134198956,0.6102132176114824,0.6102132176114824,0.1331734514075459
wide,R1-6,SHIELD_THR_NORM,1p2,False,3,0.04,0.48578620922214305,0.46838367978883355,0.6118205058477522,0.6118205058477522,0.134440117358278
wide,R1-6,SHIELD_THR_NORM,1p3,False,3,0.04,0.47469723708274997,0.4639708799801788,0.6096022385098163,0.6096022385098163,0.13387326133531688
wide,R1-6,SHIELD_THR_NORM,1p05,False,5,0.07333333333333333,0.4774005214787891,0.5094841703497376,0.4895284230210373,0.4895284230210373,0.13170288065214572
wide,R1-6,SHIELD_THR_NORM,1p15,False,5,0.06,0.4931966671292754,0.5049988890430915,0.5511419239861151,0.5511419239861151,0.13191949864447944
wide,R1-6,SHIELD_THR_NORM,1p1,False,5,0.07333333333333333,0.47669065037919534,0.5067419674698436,0.4895284230210373,0.4895284230210373,0.13051169363032222
wide,R1-6,SHIELD_THR_NORM,1p2,False,5,0.08,0.4939397859849665,0.5040445881944875,0.4562072319315456,0.4562072319315456,0.13018371615256283
wide,R1-6,SHIELD_THR_NORM,1p3,False,5,0.08,0.4600911787691721,0.5069655498317739,0.3839405310278363,0.3839405310278363,0.12972896884347093
wide,R1-6,SHIELD_THR_NORM,1p05,False,7,0.0,0.4025167312744581,0.4002487261058346,0.7348797374142804,0.7348797374142804,0.1183623001337093
wide,R1-6,SHIELD_THR_NORM,1p15,False,7,0.0,0.4087770777610932,0.4067334253919463,0.7348449609026462,0.7348449609026462,0.11855171047279586
wide,R1-6,SHIELD_THR_NORM,1p1,False,7,0.0,0.39359447817924387,0.3933788094884894,0.7351925521603225,0.7351925521603225,0.11937177612000321
wide,R1-6,SHIELD_THR_NORM,1p2,False,7,0.0,0.40197852343156765,0.401166765046586,0.7349492788452447,0.7349492788452447,0.11897057359382565
wide,R1-6,SHIELD_THR_NORM,1p3,False,7,0.0,0.40211014968718073,0.3990606033809584,0.7351578104174614,0.7351578104174614,0.11900401936214271
wide,R1-6,SHIELD_THR_NORM,1p05,False,42,0.006666666666666667,0.42432152329611783,0.42538484778848007,0.7230248033726275,0.7230248033726275,0.12821989856902094
wide,R1-6,SHIELD_THR_NORM,1p15,False,42,0.02,0.4286038019294183,0.4274287043774177,0.7111369979531846,0.7111369979531846,0.12721336429170071
wide,R1-6,SHIELD_THR_NORM,1p1,False,42,0.013333333333333334,0.42429391243271447,0.426340602357007,0.7108635895918998,0.7108635895918998,0.12731978458398682
wide,R1-6,SHIELD_THR_NORM,1p2,False,42,0.013333333333333334,0.42453331655092796,0.4268862073418228,0.7108635895918998,0.7108635895918998,0.128326281085365
wide,R1-6,SHIELD_THR_NORM,1p3,False,42,0.02,0.4238386607711701,0.4236292036222454,0.6975439916097373,0.6975439916097373,0.1273804673569535
default,R4-1,OVERFLOW_MULT,1p1,False,1,0.10666666666666667,1.2452766900576993,1.2135620637810307,0.08584988031978444,0.08310380943291056,0.20414484327875954
default,R4-1,OVERFLOW_MULT,1p25,False,1,0.09333333333333334,1.2395808457059778,1.211120165783608,0.08536640597438715,0.08290194046551237,0.2047753266742367
default,R4-1,OVERFLOW_MULT,1p5,False,1,0.10666666666666667,1.248942287826268,1.2167326760175394,0.04046247780456424,0.037657787523588976,0.2040939893858912
default,R4-1,OVERFLOW_MULT,1p1,False,3,0.15333333333333332,1.3627056579927,1.3085410044610708,-0.023296497737179813,-0.028017041143708437,0.226057714214615
default,R4-1,OVERFLOW_MULT,1p25,False,3,0.12,1.364653651339166,1.3247413929999106,0.018513101090976432,0.015033363673573323,0.2273071368453669
default,R4-1,OVERFLOW_MULT,1p5,False,3,0.11333333333333333,1.355011273528849,1.3263086430387843,0.1493226618222799,0.14687442854326443,0.22737820165744163
default,R4-1,OVERFLOW_MULT,1p1,False,5,0.13333333333333333,1.2913532795198173,1.2501798694953246,-0.10795110324663616,-0.1114985732308079,0.2022915079669144
default,R4-1,OVERFLOW_MULT,1p25,False,5,0.13333333333333333,1.2848364589458785,1.251705771311118,0.0680300002809487,0.06515351066365267,0.20256128738236
default,R4-1,OVERFLOW_MULT,1p5,False,5,0.13333333333333333,1.281778591132936,1.2480228729063483,-0.10766634170502393,-0.11057509921208597,0.2012396994095344
default,R4-1,OVERFLOW_MULT,1p1,False,7,0.006666666666666667,1.090049784595047,1.0847797989553776,0.6661835084843493,0.66592780548478,0.1959799443663783
default,R4-1,OVERFLOW_MULT,1p25,False,7,0.04,1.0968207473540204,1.0824234526891783,0.5730346432459148,0.5721907510206647,0.195655930942025
default,R4-1,OVERFLOW_MULT,1p5,False,7,0.013333333333333334,1.089854707264109,1.0798682679194591,0.6665884094244559,0.6661041984600364,0.19578029778872585
default,R4-1,OVERFLOW_MULT,1p1,False,42,0.04,1.090369085434975,1.0830136069755438,0.5902280237432531,0.5898098663331238,0.19999159273061093
default,R4-1,OVERFLOW_MULT,1p25,False,42,0.03333333333333333,1.0940426273838455,1.088133403074148,0.5894151722550779,0.5890787649350065,0.20014339857667862
default,R4-1,OVERFLOW_MULT,1p5,False,42,0.03333333333333333,1.091695171270559,1.0832262242355808,0.5900530056148922,0.5895713675933756,0.20060968775780363
default,R4-1,OVERFLOW_MULT,1,False,1,0.08666666666666667,1.2523916332676084,1.2231582494999087,0.25340675546157476,0.25101950652649596,0.20524701086399355
default,R4-1,OVERFLOW_MULT,1,False,3,0.12666666666666668,1.3756463401564205,1.3130041453220078,0.06484832132165018,0.05940643898517304,0.227490305135331
default,R4-1,OVERFLOW_MULT,1,False,5,0.12666666666666668,1.2861872105584615,1.2477593575689325,-0.1931115623931703,-0.19633575430322747,0.20252028748910797
default,R4-1,OVERFLOW_MULT,1,False,7,0.013333333333333334,1.0814591222498486,1.0734937550615324,0.6191476512302999,0.618719104226677,0.19563562757203867
default,R4-1,OVERFLOW_MULT,1,False,42,0.02666666666666667,1.0956287111262495,1.0854742228286411,0.6108504301947425,0.610295002528444,0.20007978435995386
default,R4-1,OVERFLOW_MULT,2,False,1,0.12,1.2545936531181667,1.2197001288902292,0.04080312495961114,0.0377647835190885,0.2037186401504095
default,R4-1,OVERFLOW_MULT,2,False,3,0.15333333333333332,1.3688101207249024,1.3049036242794265,-0.19554939619074746,-0.20090362812910909,0.225471328569943
default,R4-1,OVERFLOW_MULT,2,False,5,0.13333333333333333,1.2975171643744643,1.2648803981662378,-0.10990960710098893,-0.11272056697454765,0.20060596882997445
default,R4-1,OVERFLOW_MULT,2,False,7,0.02,1.0916037956357563,1.0803100827388477,0.6778330150376616,0.6773002702379776,0.19555391957532692
default,R4-1,OVERFLOW_MULT,2,False,42,0.03333333333333333,1.0940421191680023,1.0867456970956826,0.5890045547450343,0.5885888378699976,0.19992416564496324
default,R4-1,CP_REM_COEFF,0p2,False,1,0.10666666666666667,1.257367876750526,1.2268381356487785,0.2931954055398031,0.29075990866035345,0.20466384315574393
default,R4-1,CP_REM_COEFF,0p3,False,1,0.10666666666666667,1.2460841341818747,1.2120150958012577,0.041022962734337344,0.038056472902614664,0.20442079217153905
default,R4-1,CP_REM_COEFF,0p45,False,1,0.12,1.2453021039427445,1.2158143918997166,0.08436429556181288,0.08181044729285081,0.20368652053637049
default,R4-1,CP_REM_COEFF,0p6,False,1,0.11333333333333333,1.24296924776985,1.2136941681266733,0.17194342483173813,0.16946476288493012,0.20413071045286385
default,R4-1,CP_REM_COEFF,0p8,False,1,0.14,1.2468424221525258,1.2137897356460876,0.041417526079435274,0.038539633416011417,0.20454051411413093
default,R4-1,CP_REM_COEFF,0p2,False,3,0.14,1.3577372754328374,1.2973469959956236,-0.19318328632767856,-0.19824813242574182,0.22682187442852722
default,R4-1,CP_REM_COEFF,0p3,False,3,0.12666666666666668,1.3754964574575603,1.321430735468878,0.019601425716275947,0.014887802703605473,0.22692301854779914
default,R4-1,CP_REM_COEFF,0p45,False,3,0.14666666666666667,1.3788456506008977,1.318420143773992,-0.1983645473367737,-0.2034215272527467,0.22662465604399762
default,R4-1,CP_REM_COEFF,0p6,False,3,0.12,1.3623608698651088,1.3271155654353126,-0.02626454633165035,-0.02933588678797046,0.22736761457064328
default,R4-1,CP_REM_COEFF,0p8,False,3,0.15333333333333332,1.3753690717580322,1.307475573579331,-0.10967713912999215,-0.11552299568498939,0.226764783107669
default,R4-1,CP_REM_COEFF,0p2,False,5,0.14666666666666667,1.2905128550771068,1.2510769507283515,0.06713892813647418,0.0637144757778298,0.20104816168920683
default,R4-1,CP_REM_COEFF,0p3,False,5,0.1,1.2917984309952082,1.262148099049563,0.19489846272967715,0.1924096513353071,0.20400765459332354
default,R4-1,CP_REM_COEFF,0p45,False,5,0.12,1.2787427333299368,1.253594186663949,0.0677665331521541,0.06558309671139954,0.202487006596985
default,R4-1,CP_REM_COEFF,0p6,False,5,0.08666666666666667,1.2810336678784202,1.260213152064357,0.11163751248364748,0.10984403773139892,0.20552579842891958
default,R4-1,CP_REM_COEFF,0p8,False,5,0.16,1.2902053288482236,1.2606350363222096,0.1097244471176195,0.10717597447557446,0.2017062524828467
default,R4-1,CP_REM_COEFF,0p2,False,7,0.006666666666666667,1.0819539604805775,1.0732512839055943,0.6539419772592397,0.6535073666101769,0.1962754056711068
default,R4-1,CP_REM_COEFF,0p3,False,7,0.0,1.0930259202501238,1.0791698220901111,0.6664277432906515,0.6657554947937474,0.1970340976449863
default,R4-1,CP_REM_COEFF,0p45,False,7,0.02666666666666667,1.0932505577224458,1.0839455168227996,0.6173180802242666,0.6168155849278203,0.19544061573807292
default,R4-1,CP_REM_COEFF,0p6,False,7,0.02,1.0803775752235865,1.0717448520375423,0.6382949768935162,0.637848636767038,0.1959392800856288
default,R4-1,CP_REM_COEFF,0p8,False,7,0.013333333333333334,1.0840261894756331,1.074157776843925,0.6539539653923168,0.6534611187620253,0.1955524396087431
default,R4-1,CP_REM_COEFF,0p2,False,42,0.03333333333333333,1.0938360685938953,1.0862469973543023,0.5658493748902189,0.5653992796024084,0.20032523871646768
default,R4-1,CP_REM_COEFF,0p3,False,42,0.03333333333333333,1.0936108674341336,1.0867275487214187,0.6301919753213922,0.6298299490859216,0.1998174529119197
default,R4-1,CP_REM_COEFF,0p45,False,42,0.02,1.09496690430888,1.0870026646595623,0.6294837006767162,0.6290641790823474,0.20046738392711416
default,R4-1,CP_REM_COEFF,0p6,False,42,0.02,1.0941489363302481,1.0899553193015037,0.6460263293473815,0.6458131908408226,0.20027474725358782
default,R4-1,CP_REM_COEFF,0p8,False,42,0.02,1.0924798492070833,1.0863475905827056,0.6293672403505938,0.6290441736353202,0.20045529149290936
