dag,reviewer,param_key,param_val,is_default,n_seeds,AppTO_mean_pct,AppTO_std_pct,D_all_mean,D_all_std,D_succ_mean,D_succ_std,Util_all_mean,Util_all_std,Util_succ_mean,Util_succ_std
chain,R1-6,LAMBDA_GUIDE,0,False,5,10.266666666666666,6.06630035524124,1.3578899809928555,0.13550800648543154,1.3900608190670076,0.15658723766361166,0.1644114093105599,0.3130517686131019,0.1618073447910385,0.3149892783616195
chain,R1-6,LAMBDA_GUIDE,0p05,False,5,9.466666666666667,6.080935600528735,1.3516932954054275,0.13664452303475624,1.3823108404609408,0.16011347374622553,0.25290019480636733,0.33649853465471463,0.2504039179536662,0.33856623200191965
chain,R1-6,LAMBDA_GUIDE,0p1,False,5,7.066666666666667,5.648992043817295,1.3492337035662902,0.13522923099281184,1.374303135932724,0.1531283022522607,0.34605001750895514,0.2678272723494521,0.3440172844897132,0.2693670956631346
chain,R1-6,LAMBDA_GUIDE,0p2,False,5,8.133333333333333,7.1864069217129956,1.350462553333218,0.13674738963191663,1.3823302255401775,0.16131646429959293,0.276856355055714,0.3715063520025611,0.27428497107617567,0.37373695020084124
chain,R1-6,LAMBDA_GUIDE,0p4,False,5,9.73333333333333,6.047956496022254,1.3521990551830738,0.13728714518721544,1.3840001040554764,0.16042519960757687,0.18787902398894507,0.43636304615115223,0.18543658620132045,0.4382708572028927
default,R1-6,LAMBDA_GUIDE,0p05,False,5,9.466666666666667,5.194013648208654,1.1909662791582787,0.10293064201166949,1.2235405497058305,0.1261385978156576,0.2439318071844289,0.3170662889570632,0.24124682475090936,0.3188163856572477
default,R1-6,LAMBDA_GUIDE,0p1,False,5,8.933333333333334,5.861361237422204,1.1882243095714995,0.10280189191130391,1.2176851837061626,0.12234536257878374,0.23465471715125563,0.3935151708747182,0.23230162658333775,0.3951824137189969
default,R1-6,LAMBDA_GUIDE,0p2,False,5,9.6,6.102822662051096,1.1895094819797056,0.10523053753843645,1.2195487906832807,0.12454629932693846,0.21376610052935002,0.3591195510353807,0.211320415627074,0.3607455819948278
default,R1-6,LAMBDA_GUIDE,0p4,False,5,10.4,6.193186219996583,1.1856339634874602,0.10265389366440276,1.2202766420292757,0.12585008129754136,0.18383012651087288,0.38348384411484815,0.18104269758375038,0.3853869352724795
default,R1-6,LAMBDA_GUIDE,0,False,5,11.6,6.084588911522472,1.1924944455619872,0.10517109577678277,1.2272581185865157,0.128454460072564,0.10344982991223653,0.4123707716344742,0.1006987318234585,0.41432718693147785
wide,R1-6,LAMBDA_GUIDE,0p05,False,5,2.6666666666666665,2.581988897471611,0.4425295515409318,0.042639879820572754,0.43951152270835225,0.0361965716444502,0.6625930106927892,0.07965672876958696,0.6625930106927892,0.07965672876958696
wide,R1-6,LAMBDA_GUIDE,0p1,False,5,2.6666666666666665,2.9439202887759492,0.43914472926081594,0.0444891232738461,0.4317409588318507,0.03207661831194093,0.6636480135934507,0.08956305028923274,0.6636480135934507,0.08956305028923274
wide,R1-6,LAMBDA_GUIDE,0p2,False,5,3.3333333333333335,5.120763831912405,0.4411461133254651,0.04629471613792518,0.4386299496837678,0.04021437143568398,0.5804339276710978,0.2345517536280334,0.5804339276710978,0.2345517536280334
wide,R1-6,LAMBDA_GUIDE,0p4,False,5,3.733333333333333,4.889898885571266,0.44157769955292947,0.04560078886626474,0.43298926402222493,0.03469088959537096,0.5946198972502573,0.19787921266941907,0.5946198972502573,0.19787921266941907
wide,R1-6,LAMBDA_GUIDE,0,False,5,2.6666666666666665,2.2607766610417563,0.4454652717147532,0.04115099399909527,0.43578784960171035,0.028779025547744367,0.6490663602705139,0.09217306818981269,0.6490663602705139,0.09217306818981269
default,R1-6,BONUS_TO,-14,False,5,8.266666666666666,5.262023269512297,1.1943126786135416,0.10993168390315487,1.2181229392134743,0.12447043683663962,0.35600052408760724,0.259127936164884,0.3541048967416282,0.26046945295295354
default,R1-6,BONUS_TO,-10,False,5,8.666666666666668,7.302967433402216,1.185586707009777,0.10110576803803759,1.2127842923922898,0.12368839018547154,0.2422876754209859,0.37259182406175084,0.2400338545286007,0.374545558217235
default,R1-6,BONUS_TO,-7,True,5,9.066666666666666,5.428320796219275,1.1869363788661693,0.10071032602494559,1.2163404163149731,0.1207464941863102,0.27509048537424985,0.2866025596642907,0.2726723429381665,0.28821210792898205
default,R1-6,BONUS_TO,-4,False,5,7.866666666666666,4.628414655389275,1.1963845861393376,0.10607626616952215,1.2158925361864141,0.11475756662732502,0.37990260423140204,0.21332969673278437,0.3783977300407277,0.21419565896737863
default,R1-6,BONUS_TO,-2,False,5,7.6,5.046450898073484,1.1888093757588285,0.1063802608650532,1.2148106192359176,0.1207584797470289,0.33256631271109616,0.27293711373539875,0.3305113629356003,0.274072458462112
default,R1-6,W_E,0p025,False,5,8.666666666666668,6.236095644623236,1.1890820078250819,0.10270007665171643,1.2162321777559628,0.11994151976316789,0.2888758729265876,0.3480871435732612,0.2866896894794576,0.34962109705951666
default,R1-6,W_E,0p05,False,5,8.533333333333333,4.839651043435077,1.1879837002466493,0.10202673131228764,1.2172123661039775,0.12070016596000782,0.23605364295915027,0.3209728046401081,0.23366755282738652,0.3227854902137493
default,R1-6,W_E,0p1,False,5,9.066666666666666,5.090295778352286,1.1978413093530913,0.09440457420112935,1.2290764315522247,0.11392658912664466,0.22201301530516523,0.3377911460166763,0.21946414526289323,0.33914356007583124
default,R1-6,W_E,0p2,False,5,9.866666666666667,4.908043285148256,1.1944662128842791,0.09364717129889634,1.2268620115879811,0.11583830289697768,0.21581777610348601,0.3010958878430264,0.21312621588516914,0.30289469251406465
default,R1-6,W_E,0,False,5,8.933333333333334,6.370068898982001,1.1917971909062195,0.10154413101309541,1.217493487519037,0.11977603003365682,0.20476071734485143,0.36787320498578946,0.20265139298672027,0.3695634243942765
default,R1-6,W_D,0p05,False,5,7.866666666666666,5.914201364324501,1.1954640761094262,0.10788273046951653,1.221793957929837,0.12697882836320729,0.2614590550838211,0.33727134213172244,0.2593221393328184,0.33902743392432494
default,R1-6,W_D,0p1,False,5,8.799999999999999,5.9142013643245,1.195695364434762,0.10392239323082712,1.2210280672257567,0.12527205177439324,0.27016262703256577,0.3950455366553614,0.2681622212920236,0.39697255816239
default,R1-6,W_D,0p2,False,5,7.733333333333333,5.861361237422204,1.1904734910749055,0.10129462319964894,1.2183164554653474,0.12332336996283551,0.253965668547237,0.38936891692325487,0.2517396467510205,0.3913014705499151
default,R1-6,W_D,0p4,False,5,8.399999999999999,6.873459423350401,1.1922684650060127,0.10648731669786002,1.2200356150871383,0.1272033767978023,0.25533317280660095,0.35249986291182567,0.2530468266413609,0.35421259712383013
default,R1-6,W_D,0,False,5,7.733333333333333,5.304086474910957,1.1910100192523134,0.10674041486693571,1.2152111559630394,0.12371265888055981,0.34227956653926617,0.2860690618786914,0.3403249363386796,0.2877227092101574
chain,R1-6,SHIELD_THR_HIGH,1p05,False,5,6.800000000000001,5.278888771954442,1.3478686043612795,0.13652968663848036,1.3717704282289085,0.15126489851548922,0.3183290888750266,0.29638118847326406,0.31642012515032325,0.2975231257308166
chain,R1-6,SHIELD_THR_HIGH,1p15,False,5,8.666666666666668,6.616477747093069,1.3538175917451025,0.12603048921961238,1.3848044820685963,0.14904468331832194,0.22158628178335768,0.39256025150242807,0.21912010737067203,0.39466339247070936
chain,R1-6,SHIELD_THR_HIGH,1p1,False,5,7.466666666666668,5.585696017507577,1.35317599336551,0.13839942684597606,1.3828921136505223,0.16449626482974258,0.3236829689568732,0.3154236877174372,0.3212671482753934,0.3179776204350422
chain,R1-6,SHIELD_THR_HIGH,1p2,False,5,7.866666666666668,5.424225495148797,1.3529990167033819,0.13724527322970972,1.3791636916595784,0.15436890113400073,0.2729836901070727,0.3420049246994544,0.27086402333145443,0.34363015505416633
chain,R1-6,SHIELD_THR_HIGH,1,False,5,9.466666666666669,7.309050705955064,1.3503839370353963,0.13071249039573465,1.3804335668320182,0.15854157473039177,0.18950086910808,0.46949536683805837,0.18720261403260888,0.47178034493866444
default,R1-6,SHIELD_THR_HIGH,1p05,False,5,9.466666666666667,6.331578704311341,1.1884201942152657,0.10550568016795459,1.217991294701338,0.12874946652660138,0.18605463268434227,0.3919495673530528,0.18361746730510645,0.393909252460703
default,R1-6,SHIELD_THR_HIGH,1p15,False,5,8.399999999999999,6.508114592995083,1.1868467166511234,0.10046528553532458,1.2143322758397326,0.12031868912221327,0.3051189467047606,0.3088234860390305,0.3028695933246593,0.3105363764681156
default,R1-6,SHIELD_THR_HIGH,1p1,False,5,8.399999999999999,5.589673017667889,1.1880319867508484,0.0997635042724653,1.2146795255388045,0.119687925253603,0.27939447994425254,0.33019271495916663,0.27719564829294513,0.3318029630166129
default,R1-6,SHIELD_THR_HIGH,1p2,False,5,9.066666666666666,6.299911815961306,1.1925812694259648,0.10720599533339238,1.2215554336008119,0.12559193216683773,0.1839080615363154,0.3747119670830971,0.18154853267629997,0.37621522704622096
default,R1-6,SHIELD_THR_HIGH,1,False,5,8.0,5.57773351022717,1.1884045060475221,0.10663503931579286,1.2134888232480865,0.12071560648269904,0.2528853293959751,0.35267032895438877,0.250865514507623,0.3540743684945431
wide,R1-6,SHIELD_THR_HIGH,1p05,False,5,3.066666666666667,3.9888734137737583,0.44018682839114504,0.04311700908938948,0.43984675848927174,0.03756492083660436,0.6437037639916163,0.1314109179209991,0.6437037639916163,0.1314109179209991
wide,R1-6,SHIELD_THR_HIGH,1p15,False,5,2.6666666666666665,2.9439202887759492,0.44136085310192386,0.04550906577532507,0.43827779237855174,0.039173849906640225,0.6526465645576762,0.10436685070973388,0.6526465645576762,0.10436685070973388
wide,R1-6,SHIELD_THR_HIGH,1p1,False,5,2.5333333333333328,2.9589788028229527,0.4397301965415929,0.0458669015107899,0.43297138905730714,0.03300907311385672,0.6625344206334163,0.0937337635804749,0.6625344206334163,0.0937337635804749
wide,R1-6,SHIELD_THR_HIGH,1p2,False,5,2.2666666666666666,2.649947588580239,0.4410288333979525,0.042756958885067836,0.43396425603001676,0.0307972204749835,0.6626896852260906,0.08760067645559422,0.6626896852260906,0.08760067645559422
wide,R1-6,SHIELD_THR_HIGH,1,False,5,3.066666666666667,3.3862466931200785,0.4399631104338253,0.046060955605832274,0.43690271034724903,0.0421626663285559,0.6158958759723301,0.16176419335907086,0.6158958759723301,0.16176419335907086
chain,R1-6,SHIELD_THR_NORM,1p05,False,5,7.999999999999999,5.011098792790969,1.3529578362554278,0.14065150647893002,1.3826821769201625,0.16232707794014903,0.28658858333349113,0.32133028828339,0.28417614477573816,0.3233470856519212
chain,R1-6,SHIELD_THR_NORM,1p15,False,5,7.733333333333333,6.609757097570901,1.3527314898387777,0.13336429801046426,1.3785012259780285,0.1542266893941511,0.2973545373139117,0.3415523103426616,0.29526102780686003,0.3435057858822786
chain,R1-6,SHIELD_THR_NORM,1p1,False,5,8.000000000000002,5.395471352079548,1.3506979345729706,0.137736792181936,1.376365451287656,0.158406987631201,0.29686672965061883,0.3034409497036913,0.29475631164491395,0.3053382265899393
chain,R1-6,SHIELD_THR_NORM,1p2,False,5,6.266666666666667,5.668627111861684,1.350996857768735,0.13174602786684383,1.3762449517575015,0.15045285041786194,0.3578038691632524,0.3110558787120598,0.3557878282060806,0.31283286112532677
chain,R1-6,SHIELD_THR_NORM,1p3,False,5,8.4,4.844240566555987,1.3528221898799166,0.13642111980473018,1.3787422308372648,0.15329864594725495,0.2669341665786774,0.287627175983967,0.2648088980898084,0.2892170005502533
default,R1-6,SHIELD_THR_NORM,1p05,False,5,8.533333333333335,4.997777283731017,1.192740727606974,0.09533130998081814,1.217934065018317,0.1104431136765687,0.2773616387118859,0.29759931642482595,0.2753320102443676,0.2992574363055208
default,R1-6,SHIELD_THR_NORM,1p15,False,5,8.266666666666666,5.688194402053744,1.1918459666058276,0.10240989633464297,1.219372158352204,0.12222138254239426,0.31056358190964994,0.291694333863553,0.3083329695121198,0.29326434419674763
default,R1-6,SHIELD_THR_NORM,1p1,False,5,9.466666666666667,5.194013648208654,1.1899296413852807,0.10191769197730455,1.2182050101403914,0.11833623390022623,0.24245083398051387,0.24960796112593395,0.24010549966524347,0.2509690715842497
default,R1-6,SHIELD_THR_NORM,1p2,False,5,8.399999999999999,5.804213029247711,1.1917463556388959,0.10365545726237128,1.2164005387097014,0.11657522091553019,0.2682913611456793,0.294895345380221,0.26628756476562054,0.29607151957809125
default,R1-6,SHIELD_THR_NORM,1p3,False,5,8.4,5.5095876030385025,1.186958164033992,0.09954786582576117,1.214887599484973,0.11902779500572656,0.24173002797712773,0.3453131548229435,0.23941960046454583,0.3469448195467296
wide,R1-6,SHIELD_THR_NORM,1p05,False,5,2.5333333333333328,3.313272970610447,0.4394294685375152,0.04828575524123582,0.4352558340369493,0.04030389119896906,0.6580816461189244,0.10764936607838806,0.6580816461189244,0.10764936607838806
wide,R1-6,SHIELD_THR_NORM,1p15,False,5,2.5333333333333328,2.2803508501982757,0.43934795995424214,0.044975859294819044,0.4409618361010307,0.04397316940090508,0.6726996615383103,0.073908905548949,0.6726996615383103,0.073908905548949
wide,R1-6,SHIELD_THR_NORM,1p1,False,5,2.6666666666666665,3.2317865716108862,0.43664601248371293,0.04834841032314375,0.43271385136679513,0.04085756272655425,0.6556324720298145,0.10597353740086507,0.6556324720298145,0.10597353740086507
wide,R1-6,SHIELD_THR_NORM,1p2,False,5,2.6666666666666665,3.3993463423951904,0.4390656027076146,0.046426777435486656,0.4396960294987826,0.04735784831500132,0.6491948097500984,0.1190343731548739,0.6491948097500984,0.1190343731548739
wide,R1-6,SHIELD_THR_NORM,1p3,False,5,2.8,3.3466401061363027,0.4378059637348105,0.04734922559086993,0.43129111034300865,0.03495005821732675,0.6317372313848841,0.14753039973646404,0.6317372313848841,0.14753039973646404
default,R4-1,OVERFLOW_MULT,1p1,False,5,8.799999999999999,6.243218543169682,1.1880152687336696,0.10090396485023728,1.2159508995200476,0.12217238108806584,0.24220276231271418,0.3600087033943566,0.23986517337525962,0.3618639741391685
default,R4-1,OVERFLOW_MULT,1p25,False,5,8.399999999999999,4.560701700396552,1.1916248371715927,0.10529152770378052,1.2159868661457776,0.11881678811839076,0.266871864569461,0.2880686664103573,0.26487166615168195,0.2893850216014958
default,R4-1,OVERFLOW_MULT,1p5,False,5,7.999999999999999,5.312459150169743,1.1908317368235424,0.10745640346876961,1.213456406204544,0.11839354661960368,0.2677520425922336,0.34262712459485245,0.2659265365816359,0.3438464939792665
default,R4-1,OVERFLOW_MULT,1,False,5,7.6,5.387227693556513,1.1885779460562047,0.1049462537193623,1.2182626034717177,0.1267896363289991,0.2710283191630194,0.3517501518027999,0.26862085959271254,0.35340314623392155
default,R4-1,OVERFLOW_MULT,2,False,5,9.2,6.099180272790762,1.1913079862340847,0.10292811743548304,1.2213133706042585,0.124189806310733,0.20043633829011415,0.40543030114306544,0.1980059393046814,0.4073190055161594
default,R4-1,CP_REM_COEFF,0p2,False,5,8.666666666666668,6.342099196813483,1.18695207272653,0.10119204348910565,1.2162816072669886,0.12272417485960803,0.27738847989961146,0.3503194058276018,0.2750265796450054,0.35229721363880157
default,R4-1,CP_REM_COEFF,0p3,False,5,7.333333333333333,5.395471352079549,1.1922982602262457,0.10710528510977074,1.2200031620637801,0.12461056811154644,0.3104285139584668,0.31602652639084083,0.30818787416423926,0.31769038796853005
default,R4-1,CP_REM_COEFF,0p45,False,5,8.666666666666668,5.887840577551898,1.1917553807640038,0.10373395588549417,1.2182215899809807,0.12349668854125304,0.2401136124556352,0.36746317440601406,0.23797035615233425,0.3692587726745316
default,R4-1,CP_REM_COEFF,0p6,False,5,7.200000000000001,4.908043285148256,1.1925446113930778,0.10983262440032447,1.2121780594134428,0.12201056325285073,0.3083275394449266,0.31311277511750596,0.30672694828724384,0.3143099861601461
default,R4-1,CP_REM_COEFF,0p8,False,5,9.733333333333334,7.402702209328699,1.1884811425948516,0.10429223157887872,1.2177845722882996,0.12699860008253042,0.2649572079619946,0.3530337244631619,0.2625395809207884,0.35510224011846514
